{
  "version": "1.1.1",
  "windows": {
    "main": {
      "main": true,
      "url": "app://editor/index.html",
      "windowType": "dockable",
      "x": 0,
      "y": 0,
      "width": 1280,
      "height": 680,
      "layout": {
        "children": [
          {
            "children": [
              {
                "active": 0,
                "children": [
                  "hierarchy"
                ],
                "height": 280.66668701171875,
                "type": "panel",
                "width": 204.1666717529297
              },
              {
                "active": 0,
                "children": [
                  "assets"
                ],
                "height": 280.66668701171875,
                "type": "panel",
                "width": 204.1666717529297
              }
            ],
            "height": 564.3333740234375,
            "type": "dock-v",
            "width": 204.1666717529297
          },
          {
            "children": [
              {
                "active": 0,
                "children": [
                  "scene"
                ],
                "height": 294.6458435058594,
                "type": "panel",
                "width": 751.59375
              },
              {
                "active": 0,
                "children": [
                  "console",
                  "timeline",
                  "game-window"
                ],
                "height": 266.6875,
                "type": "panel",
                "width": 751.59375
              }
            ],
            "height": 564.3333740234375,
            "type": "dock-v",
            "width": 751.59375
          },
          {
            "active": 0,
            "children": [
              "inspector",
              "cocos-services",
              "node-library"
            ],
            "height": 564.3333740234375,
            "type": "panel",
            "width": 304.2395935058594
          }
        ],
        "type": "dock-h"
      },
      "panels": [
        "hierarchy",
        "assets",
        "scene",
        "console",
        "timeline",
        "game-window",
        "inspector",
        "cocos-services",
        "node-library"
      ]
    }
  },
  "panels": {
    "sprite-editor": {
      "x": 380,
      "y": 60,
      "width": 516,
      "height": 538
    }
  },
  "panelLabelWidth": {
    "inspector": null
  },
  "panelLabelWidth.inspector": null
}
