{
  "9836134e-b892-4283-b6b2-78b5acf3ed45": {
    "asset": 1633532751655,
    "meta": 1577083950000,
    "relativePath": "effects"
  },
  "430eccbf-bf2c-4e6e-8c0c-884bbb487f32": {
    "asset": 1577083950000,
    "meta": 1634039687200,
    "relativePath": "effects\\__builtin-editor-gizmo-line.effect"
  },
  "6c5cf6e1-b044-4eac-9431-835644d57381": {
    "asset": 1577083950000,
    "meta": 1634039687238,
    "relativePath": "effects\\__builtin-editor-gizmo-unlit.effect"
  },
  "115286d1-2e10-49ee-aab4-341583f607e8": {
    "asset": 1577083950000,
    "meta": 1634039687317,
    "relativePath": "effects\\__builtin-editor-gizmo.effect"
  },
  "abc2cb62-7852-4525-a90d-d474487b88f2": {
    "asset": 1577083950000,
    "meta": 1634039687386,
    "relativePath": "effects\\builtin-phong.effect"
  },
  "e2f00085-c597-422d-9759-52c360279106": {
    "asset": 1577083950000,
    "meta": 1634039687388,
    "relativePath": "effects\\builtin-toon.effect"
  },
  "f8e6b000-5643-4b86-9080-aa680ce1f599": {
    "asset": 1633532612312,
    "meta": 1577083950000,
    "relativePath": "image"
  },
  "71561142-4c83-4933-afca-cb7a17f67053": {
    "asset": 1577083950000,
    "meta": 1634039687525,
    "relativePath": "image\\default_btn_disabled.png"
  },
  "e851e89b-faa2-4484-bea6-5c01dd9f06e2": {
    "asset": 1577083950000,
    "meta": 1634039687527,
    "relativePath": "image\\default_btn_normal.png"
  },
  "b43ff3c2-02bb-4874-81f7-f2dea6970f18": {
    "asset": 1577083950000,
    "meta": 1634039687543,
    "relativePath": "image\\default_btn_pressed.png"
  },
  "edd215b9-2796-4a05-aaf5-81f96c9281ce": {
    "asset": 1577083950000,
    "meta": 1634039687546,
    "relativePath": "image\\default_editbox_bg.png"
  },
  "d81ec8ad-247c-4e62-aa3c-d35c4193c7af": {
    "asset": 1577083950000,
    "meta": 1634039687560,
    "relativePath": "image\\default_panel.png"
  },
  "99170b0b-d210-46f1-b213-7d9e3f23098a": {
    "asset": 1577083950000,
    "meta": 1634039687563,
    "relativePath": "image\\default_progressbar_bg.png"
  },
  "567dcd80-8bf4-4535-8a5a-313f1caf078a": {
    "asset": 1577083950000,
    "meta": 1634039687578,
    "relativePath": "image\\default_radio_button_off.png"
  },
  "cfef78f1-c8df-49b7-8ed0-4c953ace2621": {
    "asset": 1577083950000,
    "meta": 1634039687575,
    "relativePath": "image\\default_progressbar.png"
  },
  "4bab67cb-18e6-4099-b840-355f0473f890": {
    "asset": 1577083950000,
    "meta": 1634039687591,
    "relativePath": "image\\default_scrollbar_bg.png"
  },
  "9d60001f-b5f4-4726-a629-2659e3ded0b8": {
    "asset": 1577083950000,
    "meta": 1634039687594,
    "relativePath": "image\\default_radio_button_on.png"
  },
  "d6d3ca85-4681-47c1-b5dd-d036a9d39ea2": {
    "asset": 1577083950000,
    "meta": 1634039687611,
    "relativePath": "image\\default_scrollbar_vertical.png"
  },
  "617323dd-11f4-4dd3-8eec-0caf6b3b45b9": {
    "asset": 1577083950000,
    "meta": 1634039687608,
    "relativePath": "image\\default_scrollbar_vertical_bg.png"
  },
  "0291c134-b3da-4098-b7b5-e397edbe947f": {
    "asset": 1577083950000,
    "meta": 1634039687626,
    "relativePath": "image\\default_scrollbar.png"
  },
  "0275e94c-56a7-410f-bd1a-fc7483f7d14a": {
    "asset": 1577083950000,
    "meta": 1634039687623,
    "relativePath": "image\\default_sprite_splash.png"
  },
  "6e056173-d285-473c-b206-40a7fff5386e": {
    "asset": 1577083950000,
    "meta": 1634039687640,
    "relativePath": "image\\default_sprite.png"
  },
  "73a0903d-d80e-4e3c-aa67-f999543c08f5": {
    "asset": 1577083950000,
    "meta": 1634039687642,
    "relativePath": "image\\default_toggle_checkmark.png"
  },
  "c25b9d50-c8fc-4d27-beeb-6e7c1f2e5c0f": {
    "asset": 1577083950000,
    "meta": 1634039687656,
    "relativePath": "image\\default_toggle_disabled.png"
  },
  "d29077ba-1627-4a72-9579-7b56a235340c": {
    "asset": 1577083950000,
    "meta": 1634039687658,
    "relativePath": "image\\default_toggle_normal.png"
  },
  "5c3eedba-6c41-4c0c-9ba7-d91f813cbd1c": {
    "asset": 1633532612342,
    "meta": 1577083950000,
    "relativePath": "materials"
  },
  "c4480a0a-6ac5-443f-8b40-361a14257fc8": {
    "asset": 1577083950000,
    "meta": 1634039687664,
    "relativePath": "materials\\builtin-phong.mtl"
  },
  "fc09f9bd-2cce-4605-b630-8145ef809ed6": {
    "asset": 1633532612373,
    "meta": 1577083950000,
    "relativePath": "misc"
  },
  "2be36297-9abb-4fee-8049-9ed5e271da8a": {
    "asset": 1577083950000,
    "meta": 1634039687675,
    "relativePath": "misc\\default_video.mp4"
  },
  "b181c1e4-0a72-4a91-bfb0-ae6f36ca60bd": {
    "asset": 1577083950000,
    "meta": 1634039687678,
    "relativePath": "image\\default_toggle_pressed.png"
  },
  "db019bf7-f71c-4111-98cf-918ea180cb48": {
    "asset": 1633532612557,
    "meta": 1577083950000,
    "relativePath": "model"
  },
  "e39e96e6-6f6e-413f-bcf1-ac7679bb648a": {
    "asset": 1633532612529,
    "meta": 1577083950000,
    "relativePath": "model\\prefab"
  },
  "a87cc147-01b2-43f8-8e42-a7ca90b0c757": {
    "asset": 1633615981729,
    "meta": 1634039687686,
    "relativePath": "model\\prefab\\box.prefab"
  },
  "fe1417b6-fe6b-46a4-ae7c-9fd331f33a2a": {
    "asset": 1633615981732,
    "meta": 1634039687688,
    "relativePath": "model\\prefab\\capsule.prefab"
  },
  "b5fc2cf2-7942-483d-be1f-bbeadc4714ad": {
    "asset": 1633615981738,
    "meta": 1634039687695,
    "relativePath": "model\\prefab\\cone.prefab"
  },
  "1c5e4038-953a-44c2-b620-0bbfc6170477": {
    "asset": 1633615981743,
    "meta": 1634039687693,
    "relativePath": "model\\prefab\\cylinder.prefab"
  },
  "3f376125-a699-40ca-ad05-04d662eaa1f2": {
    "asset": 1633615981748,
    "meta": 1634039687699,
    "relativePath": "model\\prefab\\plane.prefab"
  },
  "6c9ef10d-b479-420b-bfe6-39cdda6a8ae0": {
    "asset": 1633615981751,
    "meta": 1634039687703,
    "relativePath": "model\\prefab\\quad.prefab"
  },
  "2d9a4b85-b0ab-4c46-84c5-18f393ab2058": {
    "asset": 1633615981756,
    "meta": 1634039687707,
    "relativePath": "model\\prefab\\sphere.prefab"
  },
  "de510076-056b-484f-b94c-83bef217d0e1": {
    "asset": 1633615982594,
    "meta": 1634039688149,
    "relativePath": "model\\prefab\\torus.prefab"
  },
  "f6e6dd15-71d1-4ffe-ace7-24fd39942c05": {
    "asset": 1633532612603,
    "meta": 1577083950000,
    "relativePath": "obsolete"
  },
  "8a96b965-2dc0-4e03-aa90-3b79cb93b5b4": {
    "asset": 1577083950000,
    "meta": 1634039688167,
    "relativePath": "obsolete\\atom.png"
  },
  "f743d2b6-b7ea-4c14-a55b-547ed4d0a045": {
    "asset": 1633532612648,
    "meta": 1577083950000,
    "relativePath": "particle"
  },
  "b8223619-7e38-47c4-841f-9160c232495a": {
    "asset": 1577083950000,
    "meta": 1634039688566,
    "relativePath": "obsolete\\atom.plist"
  },
  "d0a82d39-bede-46c4-b698-c81ff0dedfff": {
    "asset": 1577083950000,
    "meta": 1634039688186,
    "relativePath": "particle\\atom.png"
  },
  "ae6c6c98-11e4-452f-8758-75f5c6a56e83": {
    "asset": 1633532751737,
    "meta": 1577083950000,
    "relativePath": "prefab"
  },
  "972b9a4d-47ee-4c74-b5c3-61d8a69bc29f": {
    "asset": 1633615982650,
    "meta": 1634039688192,
    "relativePath": "prefab\\button.prefab"
  },
  "b2687ac4-099e-403c-a192-ff477686f4f5": {
    "asset": 1577083950000,
    "meta": 1634039688569,
    "relativePath": "particle\\atom.plist"
  },
  "897ef7a1-4860-4f64-968d-f5924b18668a": {
    "asset": 1633615982657,
    "meta": 1634039688198,
    "relativePath": "prefab\\camera.prefab"
  },
  "2c937608-2562-40ea-b264-7395df6f0cea": {
    "asset": 1633615982666,
    "meta": 1634039688203,
    "relativePath": "prefab\\canvas.prefab"
  },
  "61aeb05b-3b32-452b-8eed-2b76deeed554": {
    "asset": 1633615982674,
    "meta": 1634039688208,
    "relativePath": "prefab\\editbox.prefab"
  },
  "27756ebb-3d33-44b0-9b96-e858fadd4dd4": {
    "asset": 1633615982679,
    "meta": 1634039688212,
    "relativePath": "prefab\\label.prefab"
  },
  "785a442c-3ceb-45be-a46e-7317f625f3b9": {
    "asset": 1633615982685,
    "meta": 1634039688216,
    "relativePath": "prefab\\layout.prefab"
  },
  "a3ee0214-b432-4865-9666-4a3211814282": {
    "asset": 1633532751728,
    "meta": 1577083950000,
    "relativePath": "prefab\\light"
  },
  "61906da3-7003-4bda-9abc-5769c76faee4": {
    "asset": 1633615982697,
    "meta": 1634039688223,
    "relativePath": "prefab\\light\\ambient.prefab"
  },
  "ddb99b39-7004-47cd-9705-751905c43c46": {
    "asset": 1633615982703,
    "meta": 1634039688227,
    "relativePath": "prefab\\light\\directional.prefab"
  },
  "0cf30284-9073-46bc-9eba-e62b69dbbff3": {
    "asset": 1633615982708,
    "meta": 1634039688231,
    "relativePath": "prefab\\light\\point.prefab"
  },
  "f5331fd2-bf42-4ee3-a3fd-3e1657600eff": {
    "asset": 1633615982714,
    "meta": 1634039688236,
    "relativePath": "prefab\\light\\spot.prefab"
  },
  "ca8401fe-ad6e-41a8-bd46-8e3e4e9945be": {
    "asset": 1633615982720,
    "meta": 1634039688240,
    "relativePath": "prefab\\pageview.prefab"
  },
  "cd33edea-55f5-46c2-958d-357a01384a36": {
    "asset": 1633615982726,
    "meta": 1634039688245,
    "relativePath": "prefab\\particlesystem.prefab"
  },
  "5965ffac-69da-4b55-bcde-9225d0613c28": {
    "asset": 1633615982731,
    "meta": 1634039688249,
    "relativePath": "prefab\\progressBar.prefab"
  },
  "4a37dd57-78cd-4cec-aad4-f11a73d12b63": {
    "asset": 1633615982737,
    "meta": 1634039688254,
    "relativePath": "prefab\\richtext.prefab"
  },
  "32044bd2-481f-4cf1-a656-e2b2fb1594eb": {
    "asset": 1633615982743,
    "meta": 1634039688259,
    "relativePath": "prefab\\scrollview.prefab"
  },
  "0004d1cf-a0ad-47d8-ab17-34d3db9d35a3": {
    "asset": 1633615982749,
    "meta": 1634039688265,
    "relativePath": "prefab\\slider.prefab"
  },
  "1f55e3be-b89b-4b79-88de-47fd31018044": {
    "asset": 1633615982755,
    "meta": 1634039688269,
    "relativePath": "prefab\\sprite_splash.prefab"
  },
  "96083d03-c332-4a3f-9386-d03e2d19e8ee": {
    "asset": 1633615982761,
    "meta": 1634039688273,
    "relativePath": "prefab\\sprite.prefab"
  },
  "7de03a80-4457-438d-95a7-3e7cdffd6086": {
    "asset": 1633615982769,
    "meta": 1634039688278,
    "relativePath": "prefab\\tiledmap.prefab"
  },
  "0e42ba95-1fa1-46aa-b2cf-143cd1bcee2c": {
    "asset": 1633615982775,
    "meta": 1634039688283,
    "relativePath": "prefab\\tiledtile.prefab"
  },
  "0d784963-d024-4ea6-a7db-03be0ad63010": {
    "asset": 1633615982783,
    "meta": 1634039688287,
    "relativePath": "prefab\\toggle.prefab"
  },
  "bf0a434c-84dd-4a8e-a08a-7a36f180cc75": {
    "asset": 1633615982790,
    "meta": 1634039688293,
    "relativePath": "prefab\\toggleContainer.prefab"
  },
  "d1b8be49-b0a0-435c-83b7-552bed4bbe35": {
    "asset": 1633615982802,
    "meta": 1634039688298,
    "relativePath": "prefab\\toggleGroup.prefab"
  },
  "232d2782-c4bd-4bb4-9e01-909f03d6d3b9": {
    "asset": 1633615982807,
    "meta": 1634039688302,
    "relativePath": "prefab\\videoplayer.prefab"
  },
  "8c5001fd-07ee-4a4b-a8a0-63e15195e94d": {
    "asset": 1633615982811,
    "meta": 1634039688306,
    "relativePath": "prefab\\webview.prefab"
  },
  "d8afc78c-4eac-4a9f-83dd-67bc70344d33": {
    "asset": 1633532613276,
    "meta": 1577083950000,
    "relativePath": "resources"
  },
  "294c1663-4adf-4a1e-a795-53808011a38a": {
    "asset": 1633532613147,
    "meta": 1577083950000,
    "relativePath": "resources\\effects"
  },
  "144c3297-af63-49e8-b8ef-1cfa29b3be28": {
    "asset": 1577083950000,
    "meta": 1634039688325,
    "relativePath": "resources\\effects\\builtin-2d-gray-sprite.effect"
  },
  "0e93aeaa-0b53-4e40-b8e0-6268b4e07bd7": {
    "asset": 1577083950000,
    "meta": 1634039688343,
    "relativePath": "resources\\effects\\builtin-2d-spine.effect"
  },
  "2874f8dd-416c-4440-81b7-555975426e93": {
    "asset": 1577083950000,
    "meta": 1634039688367,
    "relativePath": "resources\\effects\\builtin-2d-sprite.effect"
  },
  "c0040c95-c57f-49cd-9cbc-12316b73d0d4": {
    "asset": 1577083950000,
    "meta": 1634039688385,
    "relativePath": "resources\\effects\\builtin-clear-stencil.effect"
  },
  "79eafaef-b7ef-45d9-9c3f-591dc836fc7a": {
    "asset": 1577083950000,
    "meta": 1634039688408,
    "relativePath": "resources\\effects\\builtin-unlit-transparent.effect"
  },
  "6d91e591-4ce0-465c-809f-610ec95019c6": {
    "asset": 1577083950000,
    "meta": 1634039688431,
    "relativePath": "resources\\effects\\builtin-unlit.effect"
  },
  "bbee2217-c261-49bd-a8ce-708d6bcc3500": {
    "asset": 1633532613267,
    "meta": 1577083950000,
    "relativePath": "resources\\materials"
  },
  "6f801092-0c37-4f30-89ef-c8d960825b36": {
    "asset": 1577083950000,
    "meta": 1634039688436,
    "relativePath": "resources\\materials\\builtin-2d-base.mtl"
  },
  "3a7bb79f-32fd-422e-ada2-96f518fed422": {
    "asset": 1577083950000,
    "meta": 1634039688440,
    "relativePath": "resources\\materials\\builtin-2d-gray-sprite.mtl"
  },
  "7afd064b-113f-480e-b793-8817d19f63c3": {
    "asset": 1577083950000,
    "meta": 1634039688443,
    "relativePath": "resources\\materials\\builtin-2d-spine.mtl"
  },
  "eca5d2f2-8ef6-41c2-bbe6-f9c79d09c432": {
    "asset": 1577083950000,
    "meta": 1634039688455,
    "relativePath": "resources\\materials\\builtin-2d-sprite.mtl"
  },
  "cf7e0bb8-a81c-44a9-ad79-d28d43991032": {
    "asset": 1577083950000,
    "meta": 1634039688471,
    "relativePath": "resources\\materials\\builtin-clear-stencil.mtl"
  },
  "2a296057-247c-4a1c-bbeb-0548b6c98650": {
    "asset": 1577083950000,
    "meta": 1634039688475,
    "relativePath": "resources\\materials\\builtin-unlit.mtl"
  },
  "954fec8b-cd16-4bb9-a3b7-7719660e7558": {
    "asset": 1577083950000,
    "meta": 1634039691128,
    "relativePath": "model\\primitives.fbx"
  },
  "ca9c7940-737a-4052-8967-17424f272ae5": {
    "asset": 1634912912853,
    "meta": 1634912912998,
    "relativePath": "Scene\\lndex.fire"
  },
  "9fb1fe87-e55c-40df-bfa5-4a4abe67aef6": {
    "asset": 1634953182874,
    "meta": 1634037593225,
    "relativePath": "Scene"
  },
  "e745b87f-b024-4730-9ba5-ab23c279894d": {
    "asset": 1634953177314,
    "meta": 1634037593225,
    "relativePath": "Script"
  },
  "fef3868e-3a44-48d2-8787-d5acb4c2a411": {
    "asset": 1634039514626,
    "meta": 1634037593217,
    "relativePath": "Card"
  },
  "7150bc7a-a747-48ce-a3c6-09319fe79071": {
    "asset": 1634039514708,
    "meta": 1634037593225,
    "relativePath": "Res"
  },
  "619c0d2b-5e22-4b03-beb3-758186682650": {
    "asset": 1634037596217,
    "meta": 1634039691751,
    "relativePath": "Res\\bg.png"
  },
  "0ba1f03d-3b33-447b-9933-7bb0ec92863c": {
    "asset": 1634037596267,
    "meta": 1634039691337,
    "relativePath": "Card\\fangkuai5.jpg"
  },
  "fc44b64d-7e49-4106-bb63-2638f3712333": {
    "asset": 1634037596367,
    "meta": 1634039691691,
    "relativePath": "Card\\meihua9.jpg"
  },
  "1cc66dc6-66a4-451a-bf15-20968d995186": {
    "asset": 1634037596309,
    "meta": 1634039691466,
    "relativePath": "Card\\heitao8.jpg"
  },
  "88d4cce2-cf4b-4c12-b5a6-81f223a57f06": {
    "asset": 1634037596342,
    "meta": 1634039691594,
    "relativePath": "Card\\hongtaoK.jpg"
  },
  "b136bbce-4124-43ac-9478-926bf77a5d27": {
    "asset": 1634037596325,
    "meta": 1634039691541,
    "relativePath": "Card\\hongtao4.jpg"
  },
  "c7d65800-c7e1-4d2d-a151-e32464ccdb17": {
    "asset": 1634037596359,
    "meta": 1634039691643,
    "relativePath": "Card\\meihua4.jpg"
  },
  "395d3862-958a-400e-99c1-a4a09ac25ce9": {
    "asset": 1634037596367,
    "meta": 1634039691675,
    "relativePath": "Card\\meihua8.jpg"
  },
  "8977ec0b-8130-48b5-8d50-7aff6da59d31": {
    "asset": 1634037596375,
    "meta": 1634039691693,
    "relativePath": "Card\\meihuaJ.jpg"
  },
  "07dc13f1-2f28-4dcd-bc24-7bf91cd2ae4f": {
    "asset": 1634037596367,
    "meta": 1634039691659,
    "relativePath": "Card\\meihua6.jpg"
  },
  "3bd3c42c-b7e4-47eb-9a52-58f27513c163": {
    "asset": 1634037596367,
    "meta": 1634039691673,
    "relativePath": "Card\\meihua7.jpg"
  },
  "098f60ec-27fa-49af-8590-02561825651d": {
    "asset": 1634037596375,
    "meta": 1634039691707,
    "relativePath": "Card\\meihuaQ.jpg"
  },
  "0065f604-bb74-4bac-8a81-72b2174c296f": {
    "asset": 1634037596351,
    "meta": 1634039691626,
    "relativePath": "Card\\meihua10.jpg"
  },
  "f9cb13f7-7bbc-459c-b299-439cfa92c3b9": {
    "asset": 1634037596375,
    "meta": 1634039691709,
    "relativePath": "Card\\meihuaK.jpg"
  },
  "4901ea0a-7c2b-42ca-ad9a-abde9c27e13f": {
    "asset": 1634037596267,
    "meta": 1634039691321,
    "relativePath": "Card\\fangkuai3.jpg"
  },
  "75cb2f4c-ff59-4192-93a3-bb644c774ce1": {
    "asset": 1634037596259,
    "meta": 1634039691303,
    "relativePath": "Card\\fangkuai1.jpg"
  },
  "be770b7f-17af-43a8-abb3-e72327b37e1f": {
    "asset": 1634037596259,
    "meta": 1634039691319,
    "relativePath": "Card\\fangkuai2.jpg"
  },
  "4a8fedb3-c203-4813-a68b-458ea0c9809e": {
    "asset": 1634037596267,
    "meta": 1634039691335,
    "relativePath": "Card\\fangkuai4.jpg"
  },
  "1ac650bb-8945-458e-83ce-8ffc397c2f78": {
    "asset": 1634037596267,
    "meta": 1634039691351,
    "relativePath": "Card\\fangkuai6.jpg"
  },
  "38fcb37e-9b97-48ae-855b-f218a4776dd7": {
    "asset": 1634037596275,
    "meta": 1634039691353,
    "relativePath": "Card\\fangkuai7.jpg"
  },
  "93a18f50-7a40-4505-ad48-fc8a56491a2f": {
    "asset": 1634037596275,
    "meta": 1634039691366,
    "relativePath": "Card\\fangkuai8.jpg"
  },
  "7e00684b-c294-4b98-bc13-bfd7dedd83d0": {
    "asset": 1634037596275,
    "meta": 1634039691369,
    "relativePath": "Card\\fangkuai9.jpg"
  },
  "d2299119-cab4-4f21-973c-f293a328f6f8": {
    "asset": 1634037596284,
    "meta": 1634039691387,
    "relativePath": "Card\\fangkuaiK.jpg"
  },
  "a00de590-8808-4813-9a4e-ed0d5e1fef8a": {
    "asset": 1634037596284,
    "meta": 1634039691403,
    "relativePath": "Card\\heitao1.jpg"
  },
  "8b9e0e88-141b-4e6e-8a69-2cc8fe00a024": {
    "asset": 1634037596259,
    "meta": 1634039691305,
    "relativePath": "Card\\fangkuai10.jpg"
  },
  "dcfffd3c-a6f3-4d6b-b591-ba53e8ea1b0c": {
    "asset": 1634037596292,
    "meta": 1634039691418,
    "relativePath": "Card\\heitao2.jpg"
  },
  "0d0a8a48-a940-4ded-8909-741d40788cdd": {
    "asset": 1634037596284,
    "meta": 1634039691401,
    "relativePath": "Card\\fangkuaiQ.jpg"
  },
  "7453f5cd-fefe-4bc8-8c2e-1cf8e1e531c1": {
    "asset": 1634037596300,
    "meta": 1634039691434,
    "relativePath": "Card\\heitao4.jpg"
  },
  "04dd81cb-6d13-4424-a477-5771fddb82da": {
    "asset": 1634037596292,
    "meta": 1634039691432,
    "relativePath": "Card\\heitao3.jpg"
  },
  "31fd05ee-c57c-4c26-a7f0-dc89bd954ce5": {
    "asset": 1634037596283,
    "meta": 1634039691385,
    "relativePath": "Card\\fangkuaiJ.jpg"
  },
  "92add77f-99f9-47b8-8da5-0f56c3ec1fe7": {
    "asset": 1634037596301,
    "meta": 1634039691450,
    "relativePath": "Card\\heitao6.jpg"
  },
  "1f2424bb-558c-47c5-a7bd-224d3482c44d": {
    "asset": 1634037596301,
    "meta": 1634039691464,
    "relativePath": "Card\\heitao7.jpg"
  },
  "4614dfda-01fb-4c41-a79a-7065f3031ff9": {
    "asset": 1634037596301,
    "meta": 1634039691449,
    "relativePath": "Card\\heitao5.jpg"
  },
  "13c1f732-2690-42bd-a9ee-4d294b47b9f1": {
    "asset": 1634037596292,
    "meta": 1634039691416,
    "relativePath": "Card\\heitao10.jpg"
  },
  "1e682799-abdb-4506-ab2e-39576695f068": {
    "asset": 1634037596309,
    "meta": 1634039691480,
    "relativePath": "Card\\heitaoJ.jpg"
  },
  "51462044-e8f5-4fb0-ab80-1d2d65711693": {
    "asset": 1634037596309,
    "meta": 1634039691483,
    "relativePath": "Card\\heitao9.jpg"
  },
  "80eb72db-edd1-4b39-957e-f2da5f1f18ba": {
    "asset": 1634037596309,
    "meta": 1634039691497,
    "relativePath": "Card\\heitaoK.jpg"
  },
  "b4819373-dcd3-4d26-9fa6-6a3bcd9207a1": {
    "asset": 1634037596325,
    "meta": 1634039691527,
    "relativePath": "Card\\hongtao2.jpg"
  },
  "ed430e9b-ebdf-42ad-b01d-5ddded5d7076": {
    "asset": 1634037596317,
    "meta": 1634039691512,
    "relativePath": "Card\\hongtao1.jpg"
  },
  "13bf078a-3233-4390-a83b-48936d9828fc": {
    "asset": 1634037596317,
    "meta": 1634039691500,
    "relativePath": "Card\\heitaoQ.jpg"
  },
  "3100fe94-2bd5-4323-b759-3a775c2a38d1": {
    "asset": 1634037596333,
    "meta": 1634039691543,
    "relativePath": "Card\\hongtao5.jpg"
  },
  "6b61e8f2-90a0-43c7-8898-768aa0c8a308": {
    "asset": 1634037596334,
    "meta": 1634039691559,
    "relativePath": "Card\\hongtao7.jpg"
  },
  "4ee9bf91-73c1-4c6d-817d-803be5d8fc87": {
    "asset": 1634037596325,
    "meta": 1634039691529,
    "relativePath": "Card\\hongtao3.jpg"
  },
  "5dc84bf1-ed2d-486a-8c4e-8d26c61c693d": {
    "asset": 1634037596334,
    "meta": 1634039691556,
    "relativePath": "Card\\hongtao6.jpg"
  },
  "ab29c3fe-8a65-489a-b179-1c7096e8d858": {
    "asset": 1634037596334,
    "meta": 1634039691574,
    "relativePath": "Card\\hongtao8.jpg"
  },
  "d7b1a1c3-664d-4014-b3ff-b336549730c9": {
    "asset": 1634037596342,
    "meta": 1634039691576,
    "relativePath": "Card\\hongtao9.jpg"
  },
  "417706d4-de95-4e83-a8fe-14eb06ddafb7": {
    "asset": 1634037596342,
    "meta": 1634039691592,
    "relativePath": "Card\\hongtaoJ.jpg"
  },
  "8bca7deb-6e86-4a94-a100-86ce80dd6c23": {
    "asset": 1634037596317,
    "meta": 1634039691514,
    "relativePath": "Card\\hongtao10.jpg"
  },
  "8df37d56-2adb-4d34-bc7e-3a02b3aaad66": {
    "asset": 1634037596351,
    "meta": 1634039691610,
    "relativePath": "Card\\meihua1.jpg"
  },
  "2b87f8b4-2d41-46cf-802a-8380fdcc49fb": {
    "asset": 1634037596359,
    "meta": 1634039691640,
    "relativePath": "Card\\meihua3.jpg"
  },
  "601bb257-3d83-4e65-a4b6-80e7ddfb4704": {
    "asset": 1634037596351,
    "meta": 1634039691612,
    "relativePath": "Card\\hongtaoQ.jpg"
  },
  "7cd2511f-85f0-4828-bf7e-a6ad72ea50a4": {
    "asset": 1634037596351,
    "meta": 1634039691627,
    "relativePath": "Card\\meihua2.jpg"
  },
  "59bb50cc-51e5-4afc-bf91-b539aefd91e6": {
    "asset": 1634037596359,
    "meta": 1634039691657,
    "relativePath": "Card\\meihua5.jpg"
  },
  "318feb00-f50c-4c16-b625-ed544aa81841": {
    "asset": 1634037596251,
    "meta": 1634039691818,
    "relativePath": "Res\\porkerBack.jpg"
  },
  "c9dcf134-5de3-41f9-ba8e-f65fa76e1773": {
    "asset": 1634037596217,
    "meta": 1634039691723,
    "relativePath": "Res\\p1FK.JPG"
  },
  "7729ed42-374c-4615-8787-abbc9ca2c552": {
    "asset": 1634037596225,
    "meta": 1634039691737,
    "relativePath": "Res\\p1HeiT.JPG"
  },
  "abf94200-9600-4b65-afd1-b9869ef2e9fb": {
    "asset": 1634037596234,
    "meta": 1634039691764,
    "relativePath": "Res\\p1HT.JPG"
  },
  "3c1e86a8-7d25-411f-8672-007550e00dbe": {
    "asset": 1634037596234,
    "meta": 1634039691767,
    "relativePath": "Res\\p1MH.JPG"
  },
  "f916a76c-89cb-4a01-8f46-c4eb4b55f48b": {
    "asset": 1634037596242,
    "meta": 1634039691781,
    "relativePath": "Res\\p2HeiT.JPG"
  },
  "8fb9d5ac-c699-4503-bfb7-9f0ea0f72ee3": {
    "asset": 1634037596242,
    "meta": 1634039691779,
    "relativePath": "Res\\p2FK.JPG"
  },
  "f56d3576-517d-4f90-81d4-e7fb0d987166": {
    "asset": 1634037596251,
    "meta": 1634039691792,
    "relativePath": "Res\\p2HT.JPG"
  },
  "28d4163f-5cb4-499d-8f2d-60ae36ddbd9a": {
    "asset": 1634037596251,
    "meta": 1634039691794,
    "relativePath": "Res\\p2MH.JPG"
  },
  "3ba0d617-b19b-4ed7-aa9f-8c4ccd678e15": {
    "asset": 1634953242772,
    "meta": 1634953242848,
    "relativePath": "Scene\\initialization.fire"
  },
  "7d327347-136e-4042-991c-93bced89f32b": {
    "asset": 1634037593234,
    "meta": 1634039691799,
    "relativePath": "Scene\\GameOver.fire"
  },
  "250b8a0e-37bb-4236-8bb1-c288bf214365": {
    "asset": 1634037593225,
    "meta": 1634039692219,
    "relativePath": "Script\\begin.js"
  },
  "9d2e7038-0ecc-40b4-ad00-90c1b9f8ede8": {
    "asset": 1634037593233,
    "meta": 1634039692254,
    "relativePath": "Script\\over.js"
  },
  "968e0304-4fd7-47f9-9369-a0893d6fbca6": {
    "asset": 1634956618313,
    "meta": 1634956684407,
    "relativePath": "Script\\mopai.js"
  }
}