[{"__type__":"cc.SpriteFrame","content":{"name":"hongtao8","texture":"abKcP+imVImrF5HHCW6NhY","rect":[0,0,105,150],"offset":[0,0],"originalSize":[105,150],"capInsets":[0,0,0,0]}},{"__type__":"cc.SpriteFrame","content":{"name":"meihua1","texture":"8d831WKttNNLx+OgKzqq1m","rect":[0,0,105,150],"offset":[0,0],"originalSize":[105,150],"capInsets":[0,0,0,0]}},{"__type__":"cc.SpriteFrame","content":{"name":"hongtao2","texture":"b4gZNz3NNNJp+majvNkgeh","rect":[0,0,105,150],"offset":[0,0],"originalSize":[105,150],"capInsets":[0,0,0,0]}},{"__type__":"cc.SpriteFrame","content":{"name":"p1FK","texture":"c93PE0XeNB+bqO9l+nbhdz","rect":[0,0,74,73],"offset":[0,0],"originalSize":[74,73],"capInsets":[0,0,0,0]}},{"__type__":"cc.SpriteFrame","content":{"name":"p2HeiT","texture":"f9FqdsictKAY9GxOtLVfSL","rect":[0,0,74,75],"offset":[0,0],"originalSize":[74,75],"capInsets":[0,0,0,0]}},{"__type__":"cc.SpriteFrame","content":{"name":"p1HeiT","texture":"77Ke1CN0xGFYeHq7ycosVS","rect":[0,0,71,72],"offset":[0,0],"originalSize":[71,72],"capInsets":[0,0,0,0]}},{"__type__":"cc.SpriteFrame","content":{"name":"porkerBack","texture":"31j+sA9QxMFrYl7VRKqBhB","rect":[0,0,306,445],"offset":[0,0],"originalSize":[306,445],"capInsets":[0,0,0,0]}},{"__type__":"cc.SpriteFrame","content":{"name":"meihuaK","texture":"f9yxP3e7xFnLKZQ5z6ksO5","rect":[0,0,105,150],"offset":[0,0],"originalSize":[105,150],"capInsets":[0,0,0,0]}},{"__type__":"cc.SpriteFrame","content":{"name":"fangkuai4","texture":"4aj+2zwgNIE6aLRY6gyYCe","rect":[0,0,105,150],"offset":[0,0],"originalSize":[105,150],"capInsets":[0,0,0,0]}},{"__type__":"cc.SpriteFrame","content":{"name":"default_btn_disabled","texture":"71VhFCTINJM6/Ky3oX9nBT","rect":[0,0,40,40],"offset":[0,0],"originalSize":[40,40],"capInsets":[12,12,12,12]}},{"__type__":"cc.SpriteFrame","content":{"name":"p2FK","texture":"8fudWsxplFA7+3nw6g9y7j","rect":[0,0,74,75],"offset":[0,0],"originalSize":[74,75],"capInsets":[0,0,0,0]}},{"__type__":"cc.SpriteFrame","content":{"name":"heitaoQ","texture":"13vweKMjNDkKg7SJNtmCj8","rect":[0,0,105,150],"offset":[0,0],"originalSize":[105,150],"capInsets":[0,0,0,0]}},{"__type__":"cc.SpriteFrame","content":{"name":"meihua8","texture":"39XThilYpADpnBpKCawlzp","rect":[0,0,105,150],"offset":[0,0],"originalSize":[105,150],"capInsets":[0,0,0,0]}},{"__type__":"cc.SpriteFrame","content":{"name":"fangkuai3","texture":"49AeoKfCtCyq2aq96cJ+E/","rect":[0,0,105,150],"offset":[0,0],"originalSize":[105,150],"capInsets":[0,0,0,0]}},{"__type__":"cc.SpriteFrame","content":{"name":"hongtao6","texture":"5dyEvx7S1IaoxOjSbGHGk9","rect":[0,0,105,150],"offset":[0,0],"originalSize":[105,150],"capInsets":[0,0,0,0]}},{"__type__":"cc.SpriteFrame","content":{"name":"hongtaoQ","texture":"60G7JXPYNOZaS2gOfd+0cE","rect":[0,0,105,150],"offset":[0,0],"originalSize":[105,150],"capInsets":[0,0,0,0]}},{"__type__":"cc.SpriteFrame","content":{"name":"heitao2","texture":"dc//08pvNNa7WRulPo6hsM","rect":[0,0,105,150],"offset":[0,0],"originalSize":[105,150],"capInsets":[0,0,0,0]}},{"__type__":"cc.SpriteFrame","content":{"name":"fangkuaiK","texture":"d2KZEZyrRPIZc88pOjKPb4","rect":[0,0,105,150],"offset":[0,0],"originalSize":[105,150],"capInsets":[0,0,0,0]}},{"__type__":"cc.SpriteFrame","content":{"name":"hongtao3","texture":"4e6b+Rc8FMbYF9gDvl2PyH","rect":[0,0,105,150],"offset":[0,0],"originalSize":[105,150],"capInsets":[0,0,0,0]}},{"__type__":"cc.SpriteFrame","content":{"name":"fangkuai2","texture":"bedwt/F69DqKuz5yMns34f","rect":[0,0,105,150],"offset":[0,0],"originalSize":[105,150],"capInsets":[0,0,0,0]}},{"__type__":"cc.SpriteFrame","content":{"name":"hongtao7","texture":"6bYejykKBDx4iYdoqgyKMI","rect":[0,0,105,150],"offset":[0,0],"originalSize":[105,150],"capInsets":[0,0,0,0]}},{"__type__":"cc.SpriteFrame","content":{"name":"heitao1","texture":"a0DeWQiAhIE5pO7Q1eH++K","rect":[0,0,105,150],"offset":[0,0],"originalSize":[105,150],"capInsets":[0,0,0,0]}},{"__type__":"cc.SpriteFrame","content":{"name":"meihuaQ","texture":"09j2DsJ/pJr4WQAlYYJWUd","rect":[0,0,105,150],"offset":[0,0],"originalSize":[105,150],"capInsets":[0,0,0,0]}},{"__type__":"cc.SpriteFrame","content":{"name":"heitao10","texture":"13wfcyJpBCvanuTSlLR7nx","rect":[0,0,105,150],"offset":[0,0],"originalSize":[105,150],"capInsets":[0,0,0,0]}},{"__type__":"cc.SpriteFrame","content":{"name":"meihua5","texture":"59u1DMUeVK/L+RtTmu/ZHm","rect":[0,0,105,150],"offset":[0,0],"originalSize":[105,150],"capInsets":[0,0,0,0]}},{"__type__":"cc.SpriteFrame","content":{"name":"heitao3","texture":"043YHLbRNEJKR3V3H924La","rect":[0,0,105,150],"offset":[0,0],"originalSize":[105,150],"capInsets":[0,0,0,0]}},{"__type__":"cc.SpriteFrame","content":{"name":"p1MH","texture":"3cHoaofSVBH4ZyAHVQ4A2+","rect":[0,0,72,70],"offset":[0,0],"originalSize":[72,70],"capInsets":[0,0,0,0]}},{"__type__":"cc.SpriteFrame","content":{"name":"fangkuai9","texture":"7eAGhLwpRLmLwTv9fe3YPQ","rect":[0,0,105,150],"offset":[0,0],"originalSize":[105,150],"capInsets":[0,0,0,0]}},{"__type__":"cc.SpriteFrame","content":{"name":"hongtaoJ","texture":"41dwbU3pVOg6j+FOsG3a+3","rect":[0,0,105,150],"offset":[0,0],"originalSize":[105,150],"capInsets":[0,0,0,0]}},{"__type__":"cc.SpriteFrame","content":{"name":"fangkuaiQ","texture":"0dCopIqUBN7YkJdB1AeIzd","rect":[0,0,105,150],"offset":[0,0],"originalSize":[105,150],"capInsets":[0,0,0,0]}},{"__type__":"cc.SpriteFrame","content":{"name":"fangkuai5","texture":"0bofA9OzNEe5kze7DskoY8","rect":[0,0,105,150],"offset":[0,0],"originalSize":[105,150],"capInsets":[0,0,0,0]}},{"__type__":"cc.SpriteFrame","content":{"name":"fangkuai7","texture":"38/LN+m5dIroVb8hikd23X","rect":[0,0,105,150],"offset":[0,0],"originalSize":[105,150],"capInsets":[0,0,0,0]}},{"__type__":"cc.SpriteFrame","content":{"name":"hongtao5","texture":"31AP6UK9VDI7dZOndcKjjR","rect":[0,0,105,150],"offset":[0,0],"originalSize":[105,150],"capInsets":[0,0,0,0]}},{"__type__":"cc.SpriteFrame","content":{"name":"hongtaoK","texture":"881Mziz0tMErWmgfIjpX8G","rect":[0,0,105,150],"offset":[0,0],"originalSize":[105,150],"capInsets":[0,0,0,0]}},{"__type__":"cc.SpriteFrame","content":{"name":"fangkuai6","texture":"1axlC7iUVFjoPOj/w5fC94","rect":[0,0,105,150],"offset":[0,0],"originalSize":[105,150],"capInsets":[0,0,0,0]}},{"__type__":"cc.SpriteFrame","content":{"name":"hongtao10","texture":"8byn3rboZKlKEAhs6A3Wwj","rect":[0,0,105,150],"offset":[0,0],"originalSize":[105,150],"capInsets":[0,0,0,0]}},{"__type__":"cc.SpriteFrame","content":{"name":"meihua7","texture":"3b08Qst+RH65pSWPJ1E8Fj","rect":[0,0,105,150],"offset":[0,0],"originalSize":[105,150],"capInsets":[0,0,0,0]}},{"__type__":"cc.SpriteFrame","content":{"name":"heitao7","texture":"1fJCS7VYxHxae9Ik00gsRN","rect":[0,0,105,150],"offset":[0,0],"originalSize":[105,150],"capInsets":[0,0,0,0]}},{"__type__":"cc.SpriteFrame","content":{"name":"heitao8","texture":"1cxm3GZqRFGr8VIJaNmVGG","rect":[0,0,105,150],"offset":[0,0],"originalSize":[105,150],"capInsets":[0,0,0,0]}},{"__type__":"cc.SpriteFrame","content":{"name":"meihua9","texture":"fcRLZNfklBBrtjJjjzcSMz","rect":[0,0,105,150],"offset":[0,0],"originalSize":[105,150],"capInsets":[0,0,0,0]}},{"__type__":"cc.SpriteFrame","content":{"name":"default_sprite_splash","texture":"02delMVqdBD70a/HSD99FK","rect":[0,0,2,2],"offset":[0,0],"originalSize":[2,2],"capInsets":[0,0,0,0]}},{"__type__":"cc.SpriteFrame","content":{"name":"p2HT","texture":"f5bTV2UX1PkIHU5/sNmHFm","rect":[0,0,75,73],"offset":[0,0],"originalSize":[75,73],"capInsets":[0,0,0,0]}},{"__type__":"cc.SpriteFrame","content":{"name":"hongtao1","texture":"edQw6b699CrbAdXd3tXXB2","rect":[0,0,105,150],"offset":[0,0],"originalSize":[105,150],"capInsets":[0,0,0,0]}},[{"__type__":"cc.SceneAsset","_name":"lndex","scene":{"__id__":1},"asyncLoadAssets":null},{"__type__":"cc.Scene","_name":"New Node","_children":[{"__id__":2}],"_anchorPoint":{"__type__":"cc.Vec2"},"_trs":{"__type__":"TypedArray","ctor":"Float64Array","array":[0,0,0,0,0,0,1,1,1,1]},"autoReleaseAssets":false},{"__type__":"cc.Node","_name":"Canvas","_parent":{"__id__":1},"_children":[{"__id__":3}],"_components":[{"__type__":"cc.Canvas","node":{"__id__":2}}],"_contentSize":{"__type__":"cc.Size","width":960,"height":640},"_trs":{"__type__":"TypedArray","ctor":"Float64Array","array":[480,320,0,0,0,0,1,1,1,1]},"_id":"f93oGjoTpJTIRGrChcf/QX"},{"__type__":"cc.Node","_name":"Main Camera","_parent":{"__id__":2},"_children":[{"__id__":4}],"_components":[{"__type__":"cc.Camera","node":{"__id__":3},"_clearFlags":7,"_depth":-1},{"__type__":"968e0MET9dH+ZNpoIk9b7ym","node":{"__id__":3},"button1":{"__id__":8},"button2":{"__id__":12},"btn3":{"__id__":78},"btn4":{"__id__":82},"btn5":{"__id__":86},"btn6":{"__id__":90},"btn7":{"__id__":94},"btn8":{"__id__":98},"btn9":{"__id__":102},"btn10":{"__id__":106},"card":[{"__id__":22},{"__id__":23},{"__id__":24},{"__id__":25},{"__id__":26},{"__id__":27},{"__id__":28},{"__id__":29},{"__id__":30},{"__id__":31},{"__id__":32},{"__id__":33},{"__id__":34},{"__id__":35},{"__id__":36},{"__id__":37},{"__id__":38},{"__id__":39},{"__id__":40},{"__id__":41},{"__id__":42},{"__id__":43},{"__id__":44},{"__id__":45},{"__id__":46},{"__id__":47},{"__id__":48},{"__id__":49},{"__id__":50},{"__id__":61},{"__id__":51},{"__id__":52},{"__id__":53},{"__id__":54},{"__id__":55},{"__id__":56},{"__id__":57},{"__id__":58},{"__id__":59},{"__id__":60},{"__id__":62},{"__id__":63},{"__id__":64},{"__id__":65},{"__id__":66},{"__id__":67},{"__id__":68},{"__id__":69},{"__id__":70},{"__id__":71},{"__id__":72},{"__id__":73}]}],"_trs":{"__type__":"TypedArray","ctor":"Float64Array","array":[18.995,-37.989,217.54469256946388,0,0,0,1,1,1,1]}},{"__type__":"cc.Node","_name":"bg_sprite","_parent":{"__id__":3},"_children":[{"__id__":5},{"__id__":9},{"__id__":13},{"__id__":14},{"__id__":15},{"__id__":16},{"__id__":17},{"__id__":18},{"__id__":19},{"__id__":20},{"__id__":21},{"__id__":74},{"__id__":75},{"__id__":79},{"__id__":83},{"__id__":87},{"__id__":91},{"__id__":95},{"__id__":99},{"__id__":103}],"_components":[{"__type__":"cc.Sprite","node":{"__id__":4},"_materials":[{"__uuid__":"ecpdLyjvZBwrvm+cedCcQy"}],"_spriteFrame":{"__uuid__":"bfphM4ffpF/7wLrEZzvfjK"},"_sizeMode":0}],"_contentSize":{"__type__":"cc.Size","width":1079,"height":700},"_anchorPoint":{"__type__":"cc.Vec2","x":0.5,"y":0.505},"_trs":{"__type__":"TypedArray","ctor":"Float64Array","array":[-0.001,9.497,-230.35375,0,0,0,1,1,1,1]}},{"__type__":"cc.Node","_name":"p1_mopai","_parent":{"__id__":4},"_children":[{"__id__":6}],"_components":[{"__id__":8}],"_contentSize":{"__type__":"cc.Size","width":200,"height":80},"_trs":{"__type__":"TypedArray","ctor":"Float64Array","array":[-363.153,-252.464,0,0,0,0,1,1,1,1]}},{"__type__":"cc.Node","_name":"Background","_parent":{"__id__":5},"_children":[{"__id__":7}],"_components":[{"__type__":"cc.Sprite","node":{"__id__":6},"_materials":[{"__uuid__":"ecpdLyjvZBwrvm+cedCcQy"}],"_spriteFrame":{"__uuid__":"f0BIwQ8D5Ml7nTNQbh1YlS"},"_type":1,"_sizeMode":0},{"__type__":"cc.Widget","node":{"__id__":6},"alignMode":0,"_alignFlags":45,"_originalWidth":100,"_originalHeight":40}],"_color":{"__type__":"cc.Color","r":119,"g":143,"b":196},"_contentSize":{"__type__":"cc.Size","width":200,"height":80},"_trs":{"__type__":"TypedArray","ctor":"Float64Array","array":[0,0,0,0,0,0,1,1,1,1]}},{"__type__":"cc.Node","_name":"Label","_parent":{"__id__":6},"_components":[{"__type__":"cc.Label","node":{"__id__":7},"_materials":[{"__uuid__":"ecpdLyjvZBwrvm+cedCcQy"}],"_useOriginalSize":false,"_string":"摸牌(P1)","_N$string":"摸牌(P1)","_enableWrapText":false,"_N$horizontalAlign":1,"_N$verticalAlign":1,"_N$overflow":1}],"_color":{"__type__":"cc.Color"},"_contentSize":{"__type__":"cc.Size","width":200,"height":80},"_trs":{"__type__":"TypedArray","ctor":"Float64Array","array":[0,0,0,0,0,0,1,1,1,1]}},{"__type__":"cc.Button","node":{"__id__":5},"_normalMaterial":{"__uuid__":"ecpdLyjvZBwrvm+cedCcQy"},"_N$transition":1,"transition":1,"_N$normalColor":{"__type__":"cc.Color","r":119,"g":143,"b":196},"_N$pressedColor":{"__type__":"cc.Color","r":126,"g":28,"b":28},"pressedColor":{"__type__":"cc.Color","r":126,"g":28,"b":28},"_N$hoverColor":{"__type__":"cc.Color","r":104,"g":54,"b":54},"hoverColor":{"__type__":"cc.Color","r":104,"g":54,"b":54},"_N$disabledColor":{"__type__":"cc.Color","r":120,"g":120,"b":120,"a":200},"_N$normalSprite":{"__uuid__":"f0BIwQ8D5Ml7nTNQbh1YlS"},"_N$pressedSprite":{"__uuid__":"e97GVMl6JHh5Ml5qEDdSGa"},"pressedSprite":{"__uuid__":"e97GVMl6JHh5Ml5qEDdSGa"},"_N$hoverSprite":{"__uuid__":"f0BIwQ8D5Ml7nTNQbh1YlS"},"hoverSprite":{"__uuid__":"f0BIwQ8D5Ml7nTNQbh1YlS"},"_N$disabledSprite":{"__uuid__":"29FYIk+N1GYaeWH/q1NxQO"},"_N$target":{"__id__":6}},{"__type__":"cc.Node","_name":"p2_mopai","_parent":{"__id__":4},"_children":[{"__id__":10}],"_components":[{"__id__":12}],"_contentSize":{"__type__":"cc.Size","width":100,"height":40},"_trs":{"__type__":"TypedArray","ctor":"Float64Array","array":[322.902,262.754,0,0,0,0,1,1,1,1]}},{"__type__":"cc.Node","_name":"Background","_parent":{"__id__":9},"_children":[{"__id__":11}],"_components":[{"__type__":"cc.Sprite","node":{"__id__":10},"_materials":[{"__uuid__":"ecpdLyjvZBwrvm+cedCcQy"}],"_spriteFrame":{"__uuid__":"f0BIwQ8D5Ml7nTNQbh1YlS"},"_type":1,"_sizeMode":0},{"__type__":"cc.Widget","node":{"__id__":10},"alignMode":0,"_alignFlags":45,"_left":-50,"_right":-50,"_top":-20,"_bottom":-20,"_originalWidth":100,"_originalHeight":40}],"_color":{"__type__":"cc.Color","r":177,"g":53,"b":53},"_contentSize":{"__type__":"cc.Size","width":200,"height":80},"_trs":{"__type__":"TypedArray","ctor":"Float64Array","array":[0,0,0,0,0,0,1,1,1,1]}},{"__type__":"cc.Node","_name":"Label","_parent":{"__id__":10},"_components":[{"__type__":"cc.Label","node":{"__id__":11},"_materials":[{"__uuid__":"ecpdLyjvZBwrvm+cedCcQy"}],"_useOriginalSize":false,"_string":"摸牌(P2)","_N$string":"摸牌(P2)","_enableWrapText":false,"_N$horizontalAlign":1,"_N$verticalAlign":1,"_N$overflow":1}],"_color":{"__type__":"cc.Color"},"_contentSize":{"__type__":"cc.Size","width":200,"height":80},"_trs":{"__type__":"TypedArray","ctor":"Float64Array","array":[0,0,0,0,0,0,1,1,1,1]}},{"__type__":"cc.Button","node":{"__id__":9},"_normalMaterial":{"__uuid__":"ecpdLyjvZBwrvm+cedCcQy"},"_N$transition":1,"transition":1,"_N$normalColor":{"__type__":"cc.Color","r":177,"g":53,"b":53},"_N$pressedColor":{"__type__":"cc.Color","r":189,"g":153,"b":53},"pressedColor":{"__type__":"cc.Color","r":189,"g":153,"b":53},"_N$disabledColor":{"__type__":"cc.Color","r":120,"g":120,"b":120,"a":200},"_N$normalSprite":{"__uuid__":"f0BIwQ8D5Ml7nTNQbh1YlS"},"_N$pressedSprite":{"__uuid__":"e97GVMl6JHh5Ml5qEDdSGa"},"pressedSprite":{"__uuid__":"e97GVMl6JHh5Ml5qEDdSGa"},"_N$hoverSprite":{"__uuid__":"f0BIwQ8D5Ml7nTNQbh1YlS"},"hoverSprite":{"__uuid__":"f0BIwQ8D5Ml7nTNQbh1YlS"},"_N$disabledSprite":{"__uuid__":"29FYIk+N1GYaeWH/q1NxQO"},"_N$target":{"__id__":10}},{"__type__":"cc.Node","_name":"p1_fangkuai","_parent":{"__id__":4},"_components":[{"__type__":"cc.Sprite","node":{"__id__":13},"_materials":[{"__uuid__":"ecpdLyjvZBwrvm+cedCcQy"}],"_spriteFrame":{"__uuid__":"a2MjXRFdtLlYQ5ouAFv/+R"},"_sizeMode":0}],"_opacity":50,"_contentSize":{"__type__":"cc.Size","width":45,"height":65},"_trs":{"__type__":"TypedArray","ctor":"Float64Array","array":[30,-250,0,0,0,0,1,2,2,1]}},{"__type__":"cc.Node","_name":"p1_meihua","_parent":{"__id__":4},"_components":[{"__type__":"cc.Sprite","node":{"__id__":14},"_materials":[{"__uuid__":"ecpdLyjvZBwrvm+cedCcQy"}],"_spriteFrame":{"__uuid__":"a2MjXRFdtLlYQ5ouAFv/+R"},"_sizeMode":0}],"_opacity":50,"_contentSize":{"__type__":"cc.Size","width":45,"height":65},"_trs":{"__type__":"TypedArray","ctor":"Float64Array","array":[230,-250,0,0,0,0,1,2,2,1]}},{"__type__":"cc.Node","_name":"p1_hongtao","_parent":{"__id__":4},"_components":[{"__type__":"cc.Sprite","node":{"__id__":15},"_materials":[{"__uuid__":"ecpdLyjvZBwrvm+cedCcQy"}],"_spriteFrame":{"__uuid__":"a2MjXRFdtLlYQ5ouAFv/+R"},"_sizeMode":0}],"_opacity":50,"_contentSize":{"__type__":"cc.Size","width":45,"height":65},"_trs":{"__type__":"TypedArray","ctor":"Float64Array","array":[130,-250,0,0,0,0,1,2,2,1]}},{"__type__":"cc.Node","_name":"p1_heitao","_parent":{"__id__":4},"_components":[{"__type__":"cc.Sprite","node":{"__id__":16},"_materials":[{"__uuid__":"ecpdLyjvZBwrvm+cedCcQy"}],"_spriteFrame":{"__uuid__":"a2MjXRFdtLlYQ5ouAFv/+R"},"_sizeMode":0}],"_opacity":50,"_contentSize":{"__type__":"cc.Size","width":45,"height":65},"_trs":{"__type__":"TypedArray","ctor":"Float64Array","array":[330,-250,0,0,0,0,1,2,2,1]}},{"__type__":"cc.Node","_name":"p2_fangkuai","_parent":{"__id__":4},"_components":[{"__type__":"cc.Sprite","node":{"__id__":17},"_materials":[{"__uuid__":"ecpdLyjvZBwrvm+cedCcQy"}],"_spriteFrame":{"__uuid__":"a2MjXRFdtLlYQ5ouAFv/+R"},"_sizeMode":0}],"_opacity":50,"_contentSize":{"__type__":"cc.Size","width":90,"height":130},"_trs":{"__type__":"TypedArray","ctor":"Float64Array","array":[-300,230,0,0,0,0,1,1,1,1]}},{"__type__":"cc.Node","_name":"p2_hongtao","_parent":{"__id__":4},"_components":[{"__type__":"cc.Sprite","node":{"__id__":18},"_materials":[{"__uuid__":"ecpdLyjvZBwrvm+cedCcQy"}],"_spriteFrame":{"__uuid__":"a2MjXRFdtLlYQ5ouAFv/+R"},"_sizeMode":0}],"_opacity":50,"_contentSize":{"__type__":"cc.Size","width":90,"height":130},"_trs":{"__type__":"TypedArray","ctor":"Float64Array","array":[-200,230,0,0,0,0,1,1,1,1]}},{"__type__":"cc.Node","_name":"p2_meihua","_parent":{"__id__":4},"_components":[{"__type__":"cc.Sprite","node":{"__id__":19},"_materials":[{"__uuid__":"ecpdLyjvZBwrvm+cedCcQy"}],"_spriteFrame":{"__uuid__":"a2MjXRFdtLlYQ5ouAFv/+R"},"_sizeMode":0}],"_opacity":50,"_contentSize":{"__type__":"cc.Size","width":90,"height":130},"_trs":{"__type__":"TypedArray","ctor":"Float64Array","array":[-100,230,0,0,0,0,1,1,1,1]}},{"__type__":"cc.Node","_name":"p2_heitao","_parent":{"__id__":4},"_components":[{"__type__":"cc.Sprite","node":{"__id__":20},"_materials":[{"__uuid__":"ecpdLyjvZBwrvm+cedCcQy"}],"_spriteFrame":{"__uuid__":"a2MjXRFdtLlYQ5ouAFv/+R"},"_sizeMode":0}],"_opacity":50,"_contentSize":{"__type__":"cc.Size","width":90,"height":130},"_trs":{"__type__":"TypedArray","ctor":"Float64Array","array":[0,230,0,0,0,0,1,1,1,1]}},{"__type__":"cc.Node","_name":"card","_parent":{"__id__":4},"_children":[{"__id__":22},{"__id__":23},{"__id__":24},{"__id__":25},{"__id__":26},{"__id__":27},{"__id__":28},{"__id__":29},{"__id__":30},{"__id__":31},{"__id__":32},{"__id__":33},{"__id__":34},{"__id__":35},{"__id__":36},{"__id__":37},{"__id__":38},{"__id__":39},{"__id__":40},{"__id__":41},{"__id__":42},{"__id__":43},{"__id__":44},{"__id__":45},{"__id__":46},{"__id__":47},{"__id__":48},{"__id__":49},{"__id__":50},{"__id__":51},{"__id__":52},{"__id__":53},{"__id__":54},{"__id__":55},{"__id__":56},{"__id__":57},{"__id__":58},{"__id__":59},{"__id__":60},{"__id__":61},{"__id__":62},{"__id__":63},{"__id__":64},{"__id__":65},{"__id__":66},{"__id__":67},{"__id__":68},{"__id__":69},{"__id__":70},{"__id__":71},{"__id__":72},{"__id__":73}],"_trs":{"__type__":"TypedArray","ctor":"Float64Array","array":[0,0,0,0,0,0,1,1,1,1]}},{"__type__":"cc.Node","_name":"fangkuai1","_parent":{"__id__":21},"_components":[{"__type__":"cc.Sprite","node":{"__id__":22},"_materials":[{"__uuid__":"ecpdLyjvZBwrvm+cedCcQy"}],"_spriteFrame":{"__uuid__":"b1I+7MozVGTbukj+bIyo2R"},"_sizeMode":0}],"_contentSize":{"__type__":"cc.Size","width":90,"height":130},"_trs":{"__type__":"TypedArray","ctor":"Float64Array","array":[-100,-100,0,0,0,0,1,1,1,1]}},{"__type__":"cc.Node","_name":"fangkuai2","_parent":{"__id__":21},"_components":[{"__type__":"cc.Sprite","node":{"__id__":23},"_materials":[{"__uuid__":"ecpdLyjvZBwrvm+cedCcQy"}],"_spriteFrame":{"__uuid__":"4a/PzoOWZGIo5AlTGPdlzA"},"_sizeMode":0}],"_contentSize":{"__type__":"cc.Size","width":90,"height":130},"_trs":{"__type__":"TypedArray","ctor":"Float64Array","array":[-100,-100,0,0,0,0,1,1,1,1]}},{"__type__":"cc.Node","_name":"fangkuai3","_parent":{"__id__":21},"_components":[{"__type__":"cc.Sprite","node":{"__id__":24},"_materials":[{"__uuid__":"ecpdLyjvZBwrvm+cedCcQy"}],"_spriteFrame":{"__uuid__":"30O/aTovZGy7tZou5gofqt"},"_sizeMode":0}],"_contentSize":{"__type__":"cc.Size","width":90,"height":130},"_trs":{"__type__":"TypedArray","ctor":"Float64Array","array":[-100,-100,0,0,0,0,1,1,1,1]}},{"__type__":"cc.Node","_name":"fangkuai4","_parent":{"__id__":21},"_components":[{"__type__":"cc.Sprite","node":{"__id__":25},"_materials":[{"__uuid__":"ecpdLyjvZBwrvm+cedCcQy"}],"_spriteFrame":{"__uuid__":"22QxgUomhCUZ2wBnpF5g1+"},"_sizeMode":0}],"_contentSize":{"__type__":"cc.Size","width":90,"height":130},"_trs":{"__type__":"TypedArray","ctor":"Float64Array","array":[-100,-100,0,0,0,0,1,1,1,1]}},{"__type__":"cc.Node","_name":"fangkuai5","_parent":{"__id__":21},"_components":[{"__type__":"cc.Sprite","node":{"__id__":26},"_materials":[{"__uuid__":"ecpdLyjvZBwrvm+cedCcQy"}],"_spriteFrame":{"__uuid__":"81zvsDoW1MhoAMaiL2rWns"},"_sizeMode":0}],"_contentSize":{"__type__":"cc.Size","width":90,"height":130},"_trs":{"__type__":"TypedArray","ctor":"Float64Array","array":[-100,-100,0,0,0,0,1,1,1,1]}},{"__type__":"cc.Node","_name":"fangkuai6","_parent":{"__id__":21},"_components":[{"__type__":"cc.Sprite","node":{"__id__":27},"_materials":[{"__uuid__":"ecpdLyjvZBwrvm+cedCcQy"}],"_spriteFrame":{"__uuid__":"91/zx/rXdIootdH0doIoDD"},"_sizeMode":0}],"_contentSize":{"__type__":"cc.Size","width":90,"height":130},"_trs":{"__type__":"TypedArray","ctor":"Float64Array","array":[-100,-100,0,0,0,0,1,1,1,1]}},{"__type__":"cc.Node","_name":"fangkuai7","_parent":{"__id__":21},"_components":[{"__type__":"cc.Sprite","node":{"__id__":28},"_materials":[{"__uuid__":"ecpdLyjvZBwrvm+cedCcQy"}],"_spriteFrame":{"__uuid__":"84JdWMMBRH0pzQ4bpunKC7"},"_sizeMode":0}],"_contentSize":{"__type__":"cc.Size","width":90,"height":130},"_trs":{"__type__":"TypedArray","ctor":"Float64Array","array":[-100,-100,0,0,0,0,1,1,1,1]}},{"__type__":"cc.Node","_name":"fangkuai8","_parent":{"__id__":21},"_components":[{"__type__":"cc.Sprite","node":{"__id__":29},"_materials":[{"__uuid__":"ecpdLyjvZBwrvm+cedCcQy"}],"_spriteFrame":{"__uuid__":"e5dvz/pTFKbKDxK84xIWnb"},"_sizeMode":0}],"_contentSize":{"__type__":"cc.Size","width":90,"height":130},"_trs":{"__type__":"TypedArray","ctor":"Float64Array","array":[-100,-100,0,0,0,0,1,1,1,1]}},{"__type__":"cc.Node","_name":"fangkuai9","_parent":{"__id__":21},"_components":[{"__type__":"cc.Sprite","node":{"__id__":30},"_materials":[{"__uuid__":"ecpdLyjvZBwrvm+cedCcQy"}],"_spriteFrame":{"__uuid__":"75O6VVeotPGZjHPQHw1WPp"},"_sizeMode":0}],"_contentSize":{"__type__":"cc.Size","width":90,"height":130},"_trs":{"__type__":"TypedArray","ctor":"Float64Array","array":[-100,-100,0,0,0,0,1,1,1,1]}},{"__type__":"cc.Node","_name":"fangkuai10","_parent":{"__id__":21},"_components":[{"__type__":"cc.Sprite","node":{"__id__":31},"_materials":[{"__uuid__":"ecpdLyjvZBwrvm+cedCcQy"}],"_spriteFrame":{"__uuid__":"b5lPtZjZ9B0JQISv5ATHoc"},"_sizeMode":0}],"_contentSize":{"__type__":"cc.Size","width":90,"height":130},"_trs":{"__type__":"TypedArray","ctor":"Float64Array","array":[-100,-100,0,0,0,0,1,1,1,1]}},{"__type__":"cc.Node","_name":"fangkuaiJ","_parent":{"__id__":21},"_components":[{"__type__":"cc.Sprite","node":{"__id__":32},"_materials":[{"__uuid__":"ecpdLyjvZBwrvm+cedCcQy"}],"_spriteFrame":{"__uuid__":"c2uN0VYqJLMbOFaYWEi/0C"},"_sizeMode":0}],"_contentSize":{"__type__":"cc.Size","width":90,"height":130},"_trs":{"__type__":"TypedArray","ctor":"Float64Array","array":[-100,-100,0,0,0,0,1,1,1,1]}},{"__type__":"cc.Node","_name":"fangkuaiQ","_parent":{"__id__":21},"_components":[{"__type__":"cc.Sprite","node":{"__id__":33},"_materials":[{"__uuid__":"ecpdLyjvZBwrvm+cedCcQy"}],"_spriteFrame":{"__uuid__":"80OmvvN9lAnKYQiicr1l32"},"_sizeMode":0}],"_contentSize":{"__type__":"cc.Size","width":90,"height":130},"_trs":{"__type__":"TypedArray","ctor":"Float64Array","array":[-100,-100,0,0,0,0,1,1,1,1]}},{"__type__":"cc.Node","_name":"fangkuaiK","_parent":{"__id__":21},"_components":[{"__type__":"cc.Sprite","node":{"__id__":34},"_materials":[{"__uuid__":"ecpdLyjvZBwrvm+cedCcQy"}],"_spriteFrame":{"__uuid__":"41omSPmZxAdIIOanuIZQcj"},"_sizeMode":0}],"_contentSize":{"__type__":"cc.Size","width":90,"height":130},"_trs":{"__type__":"TypedArray","ctor":"Float64Array","array":[-100,-100,0,0,0,0,1,1,1,1]}},{"__type__":"cc.Node","_name":"heitao1","_parent":{"__id__":21},"_components":[{"__type__":"cc.Sprite","node":{"__id__":35},"_materials":[{"__uuid__":"ecpdLyjvZBwrvm+cedCcQy"}],"_spriteFrame":{"__uuid__":"62cxBZOh1AboFuRsy7H8NQ"},"_sizeMode":0}],"_contentSize":{"__type__":"cc.Size","width":90,"height":130},"_trs":{"__type__":"TypedArray","ctor":"Float64Array","array":[-100,-100,0,0,0,0,1,1,1,1]}},{"__type__":"cc.Node","_name":"heitao2","_parent":{"__id__":21},"_components":[{"__type__":"cc.Sprite","node":{"__id__":36},"_materials":[{"__uuid__":"ecpdLyjvZBwrvm+cedCcQy"}],"_spriteFrame":{"__uuid__":"3fh9Yq2HBMVbLe8ZIOwuDZ"},"_sizeMode":0}],"_contentSize":{"__type__":"cc.Size","width":90,"height":130},"_trs":{"__type__":"TypedArray","ctor":"Float64Array","array":[-100,-100,0,0,0,0,1,1,1,1]}},{"__type__":"cc.Node","_name":"heitao3","_parent":{"__id__":21},"_components":[{"__type__":"cc.Sprite","node":{"__id__":37},"_materials":[{"__uuid__":"ecpdLyjvZBwrvm+cedCcQy"}],"_spriteFrame":{"__uuid__":"72Q1MI55hH/JD4ujJinJ9v"},"_sizeMode":0}],"_contentSize":{"__type__":"cc.Size","width":90,"height":130},"_trs":{"__type__":"TypedArray","ctor":"Float64Array","array":[-100,-100,0,0,0,0,1,1,1,1]}},{"__type__":"cc.Node","_name":"heitao4","_parent":{"__id__":21},"_components":[{"__type__":"cc.Sprite","node":{"__id__":38},"_materials":[{"__uuid__":"ecpdLyjvZBwrvm+cedCcQy"}],"_spriteFrame":{"__uuid__":"dcMSi4o3BLPqmGlwLHIZby"},"_sizeMode":0}],"_contentSize":{"__type__":"cc.Size","width":90,"height":130},"_trs":{"__type__":"TypedArray","ctor":"Float64Array","array":[-100,-100,0,0,0,0,1,1,1,1]}},{"__type__":"cc.Node","_name":"heitao5","_parent":{"__id__":21},"_components":[{"__type__":"cc.Sprite","node":{"__id__":39},"_materials":[{"__uuid__":"ecpdLyjvZBwrvm+cedCcQy"}],"_spriteFrame":{"__uuid__":"e8s+ZyK01E2qCy9l2mCWZf"},"_sizeMode":0}],"_contentSize":{"__type__":"cc.Size","width":90,"height":130},"_trs":{"__type__":"TypedArray","ctor":"Float64Array","array":[-100,-100,0,0,0,0,1,1,1,1]}},{"__type__":"cc.Node","_name":"heitao6","_parent":{"__id__":21},"_components":[{"__type__":"cc.Sprite","node":{"__id__":40},"_materials":[{"__uuid__":"ecpdLyjvZBwrvm+cedCcQy"}],"_spriteFrame":{"__uuid__":"dbpBejxLJFbbjqXT57AQ5n"},"_sizeMode":0}],"_contentSize":{"__type__":"cc.Size","width":90,"height":130},"_trs":{"__type__":"TypedArray","ctor":"Float64Array","array":[-100,-100,0,0,0,0,1,1,1,1]}},{"__type__":"cc.Node","_name":"heitao7","_parent":{"__id__":21},"_components":[{"__type__":"cc.Sprite","node":{"__id__":41},"_materials":[{"__uuid__":"ecpdLyjvZBwrvm+cedCcQy"}],"_spriteFrame":{"__uuid__":"98ehBVVS9FEatmYRK4NX9U"},"_sizeMode":0}],"_contentSize":{"__type__":"cc.Size","width":90,"height":130},"_trs":{"__type__":"TypedArray","ctor":"Float64Array","array":[-100,-100,0,0,0,0,1,1,1,1]}},{"__type__":"cc.Node","_name":"heitao8","_parent":{"__id__":21},"_components":[{"__type__":"cc.Sprite","node":{"__id__":42},"_materials":[{"__uuid__":"ecpdLyjvZBwrvm+cedCcQy"}],"_spriteFrame":{"__uuid__":"99PxbT81VKgJXe2o5Nobfz"},"_sizeMode":0}],"_contentSize":{"__type__":"cc.Size","width":90,"height":130},"_trs":{"__type__":"TypedArray","ctor":"Float64Array","array":[-100,-100,0,0,0,0,1,1,1,1]}},{"__type__":"cc.Node","_name":"heitao9","_parent":{"__id__":21},"_components":[{"__type__":"cc.Sprite","node":{"__id__":43},"_materials":[{"__uuid__":"ecpdLyjvZBwrvm+cedCcQy"}],"_spriteFrame":{"__uuid__":"eeHFPaldhEsrt9SIew4lME"},"_sizeMode":0}],"_contentSize":{"__type__":"cc.Size","width":90,"height":130},"_trs":{"__type__":"TypedArray","ctor":"Float64Array","array":[-100,-100,0,0,0,0,1,1,1,1]}},{"__type__":"cc.Node","_name":"heitao10","_parent":{"__id__":21},"_components":[{"__type__":"cc.Sprite","node":{"__id__":44},"_materials":[{"__uuid__":"ecpdLyjvZBwrvm+cedCcQy"}],"_spriteFrame":{"__uuid__":"70hj/3jBpIYIHt2y3YrE2w"},"_sizeMode":0}],"_contentSize":{"__type__":"cc.Size","width":90,"height":130},"_trs":{"__type__":"TypedArray","ctor":"Float64Array","array":[-100,-100,0,0,0,0,1,1,1,1]}},{"__type__":"cc.Node","_name":"heitaoJ","_parent":{"__id__":21},"_components":[{"__type__":"cc.Sprite","node":{"__id__":45},"_materials":[{"__uuid__":"ecpdLyjvZBwrvm+cedCcQy"}],"_spriteFrame":{"__uuid__":"f3Gm4XhYpAm7MZUhtMchbE"},"_sizeMode":0}],"_contentSize":{"__type__":"cc.Size","width":90,"height":130},"_trs":{"__type__":"TypedArray","ctor":"Float64Array","array":[-100,-100,0,0,0,0,1,1,1,1]}},{"__type__":"cc.Node","_name":"heitaoQ","_parent":{"__id__":21},"_components":[{"__type__":"cc.Sprite","node":{"__id__":46},"_materials":[{"__uuid__":"ecpdLyjvZBwrvm+cedCcQy"}],"_spriteFrame":{"__uuid__":"2bIwStnzlJ+oxtwPCgIJkF"},"_sizeMode":0}],"_contentSize":{"__type__":"cc.Size","width":90,"height":130},"_trs":{"__type__":"TypedArray","ctor":"Float64Array","array":[-100,-100,0,0,0,0,1,1,1,1]}},{"__type__":"cc.Node","_name":"heitaoK","_parent":{"__id__":21},"_components":[{"__type__":"cc.Sprite","node":{"__id__":47},"_materials":[{"__uuid__":"ecpdLyjvZBwrvm+cedCcQy"}],"_spriteFrame":{"__uuid__":"c55F1wrNdGqrdEoQzQZ1NT"},"_sizeMode":0}],"_contentSize":{"__type__":"cc.Size","width":90,"height":130},"_trs":{"__type__":"TypedArray","ctor":"Float64Array","array":[-100,-100,0,0,0,0,1,1,1,1]}},{"__type__":"cc.Node","_name":"hongtao1","_parent":{"__id__":21},"_components":[{"__type__":"cc.Sprite","node":{"__id__":48},"_materials":[{"__uuid__":"ecpdLyjvZBwrvm+cedCcQy"}],"_spriteFrame":{"__uuid__":"a4dgxWYctJx51a73wNo1DJ"},"_sizeMode":0}],"_contentSize":{"__type__":"cc.Size","width":90,"height":130},"_trs":{"__type__":"TypedArray","ctor":"Float64Array","array":[-100,-100,0,0,0,0,1,1,1,1]}},{"__type__":"cc.Node","_name":"hongtao2","_parent":{"__id__":21},"_components":[{"__type__":"cc.Sprite","node":{"__id__":49},"_materials":[{"__uuid__":"ecpdLyjvZBwrvm+cedCcQy"}],"_spriteFrame":{"__uuid__":"0bT1YYATlEUpTZV0cxZAqg"},"_sizeMode":0}],"_contentSize":{"__type__":"cc.Size","width":90,"height":130},"_trs":{"__type__":"TypedArray","ctor":"Float64Array","array":[-100,-100,0,0,0,0,1,1,1,1]}},{"__type__":"cc.Node","_name":"hongtao3","_parent":{"__id__":21},"_components":[{"__type__":"cc.Sprite","node":{"__id__":50},"_materials":[{"__uuid__":"ecpdLyjvZBwrvm+cedCcQy"}],"_spriteFrame":{"__uuid__":"46C1JkMLpA5oNDyJyYAcU9"},"_sizeMode":0}],"_contentSize":{"__type__":"cc.Size","width":90,"height":130},"_trs":{"__type__":"TypedArray","ctor":"Float64Array","array":[-100,-100,0,0,0,0,1,1,1,1]}},{"__type__":"cc.Node","_name":"hongtao5","_parent":{"__id__":21},"_components":[{"__type__":"cc.Sprite","node":{"__id__":51},"_materials":[{"__uuid__":"ecpdLyjvZBwrvm+cedCcQy"}],"_spriteFrame":{"__uuid__":"8djpj2OIZD56mQziJGZHbv"},"_sizeMode":0}],"_contentSize":{"__type__":"cc.Size","width":90,"height":130},"_trs":{"__type__":"TypedArray","ctor":"Float64Array","array":[-100,-100,0,0,0,0,1,1,1,1]}},{"__type__":"cc.Node","_name":"hongtao6","_parent":{"__id__":21},"_components":[{"__type__":"cc.Sprite","node":{"__id__":52},"_materials":[{"__uuid__":"ecpdLyjvZBwrvm+cedCcQy"}],"_spriteFrame":{"__uuid__":"33YSXSAZdLeaiS5WpaLsRc"},"_sizeMode":0}],"_contentSize":{"__type__":"cc.Size","width":90,"height":130},"_trs":{"__type__":"TypedArray","ctor":"Float64Array","array":[-100,-100,0,0,0,0,1,1,1,1]}},{"__type__":"cc.Node","_name":"hongtao7","_parent":{"__id__":21},"_components":[{"__type__":"cc.Sprite","node":{"__id__":53},"_materials":[{"__uuid__":"ecpdLyjvZBwrvm+cedCcQy"}],"_spriteFrame":{"__uuid__":"4e/Kegp4xDb6sIP+VEj81j"},"_sizeMode":0}],"_contentSize":{"__type__":"cc.Size","width":90,"height":130},"_trs":{"__type__":"TypedArray","ctor":"Float64Array","array":[-100,-100,0,0,0,0,1,1,1,1]}},{"__type__":"cc.Node","_name":"hongtao8","_parent":{"__id__":21},"_components":[{"__type__":"cc.Sprite","node":{"__id__":54},"_materials":[{"__uuid__":"ecpdLyjvZBwrvm+cedCcQy"}],"_spriteFrame":{"__uuid__":"01gWY7iGZAMoQMdvJp2Tok"},"_sizeMode":0}],"_contentSize":{"__type__":"cc.Size","width":90,"height":130},"_trs":{"__type__":"TypedArray","ctor":"Float64Array","array":[-100,-100,0,0,0,0,1,1,1,1]}},{"__type__":"cc.Node","_name":"hongtao9","_parent":{"__id__":21},"_components":[{"__type__":"cc.Sprite","node":{"__id__":55},"_materials":[{"__uuid__":"ecpdLyjvZBwrvm+cedCcQy"}],"_spriteFrame":{"__uuid__":"adqXntk3FKt6jfnxbG5pL1"},"_sizeMode":0}],"_contentSize":{"__type__":"cc.Size","width":90,"height":130},"_trs":{"__type__":"TypedArray","ctor":"Float64Array","array":[-100,-100,0,0,0,0,1,1,1,1]}},{"__type__":"cc.Node","_name":"hongtao10","_parent":{"__id__":21},"_components":[{"__type__":"cc.Sprite","node":{"__id__":56},"_materials":[{"__uuid__":"ecpdLyjvZBwrvm+cedCcQy"}],"_spriteFrame":{"__uuid__":"94aGSFd29ME6Pv1ziYTngT"},"_sizeMode":0}],"_contentSize":{"__type__":"cc.Size","width":90,"height":130},"_trs":{"__type__":"TypedArray","ctor":"Float64Array","array":[-100,-100,0,0,0,0,1,1,1,1]}},{"__type__":"cc.Node","_name":"hongtaoJ","_parent":{"__id__":21},"_components":[{"__type__":"cc.Sprite","node":{"__id__":57},"_materials":[{"__uuid__":"ecpdLyjvZBwrvm+cedCcQy"}],"_spriteFrame":{"__uuid__":"7eWE1AdJRHPpNdo68PpNz1"},"_sizeMode":0}],"_contentSize":{"__type__":"cc.Size","width":90,"height":130},"_trs":{"__type__":"TypedArray","ctor":"Float64Array","array":[-100,-100,0,0,0,0,1,1,1,1]}},{"__type__":"cc.Node","_name":"hongtaoQ","_parent":{"__id__":21},"_components":[{"__type__":"cc.Sprite","node":{"__id__":58},"_materials":[{"__uuid__":"ecpdLyjvZBwrvm+cedCcQy"}],"_spriteFrame":{"__uuid__":"3e0xecUKlP/bzT8LonX/ia"},"_sizeMode":0}],"_contentSize":{"__type__":"cc.Size","width":90,"height":130},"_trs":{"__type__":"TypedArray","ctor":"Float64Array","array":[-100,-100,0,0,0,0,1,1,1,1]}},{"__type__":"cc.Node","_name":"hongtaoK","_parent":{"__id__":21},"_components":[{"__type__":"cc.Sprite","node":{"__id__":59},"_materials":[{"__uuid__":"ecpdLyjvZBwrvm+cedCcQy"}],"_spriteFrame":{"__uuid__":"8efXID/MFC+bCrpSWVpDL8"},"_sizeMode":0}],"_contentSize":{"__type__":"cc.Size","width":90,"height":130},"_trs":{"__type__":"TypedArray","ctor":"Float64Array","array":[-100,-100,0,0,0,0,1,1,1,1]}},{"__type__":"cc.Node","_name":"meihua1","_parent":{"__id__":21},"_components":[{"__type__":"cc.Sprite","node":{"__id__":60},"_materials":[{"__uuid__":"ecpdLyjvZBwrvm+cedCcQy"}],"_spriteFrame":{"__uuid__":"015CoVF0pBrI8UoKavDlin"},"_sizeMode":0}],"_contentSize":{"__type__":"cc.Size","width":90,"height":130},"_trs":{"__type__":"TypedArray","ctor":"Float64Array","array":[-100,-100,0,0,0,0,1,1,1,1]}},{"__type__":"cc.Node","_name":"hongtao4","_parent":{"__id__":21},"_components":[{"__type__":"cc.Sprite","node":{"__id__":61},"_materials":[{"__uuid__":"ecpdLyjvZBwrvm+cedCcQy"}],"_spriteFrame":{"__uuid__":"e0nGOo0cVDt65O4bSBFu9o"},"_sizeMode":0}],"_contentSize":{"__type__":"cc.Size","width":90,"height":130},"_trs":{"__type__":"TypedArray","ctor":"Float64Array","array":[-100,-100,0,0,0,0,1,1,1,1]}},{"__type__":"cc.Node","_name":"meihua2","_parent":{"__id__":21},"_components":[{"__type__":"cc.Sprite","node":{"__id__":62},"_materials":[{"__uuid__":"ecpdLyjvZBwrvm+cedCcQy"}],"_spriteFrame":{"__uuid__":"e7gANTHMJIFaPuySPfCnOr"},"_sizeMode":0}],"_contentSize":{"__type__":"cc.Size","width":90,"height":130},"_trs":{"__type__":"TypedArray","ctor":"Float64Array","array":[-100,-100,0,0,0,0,1,1,1,1]}},{"__type__":"cc.Node","_name":"meihua3","_parent":{"__id__":21},"_components":[{"__type__":"cc.Sprite","node":{"__id__":63},"_materials":[{"__uuid__":"ecpdLyjvZBwrvm+cedCcQy"}],"_spriteFrame":{"__uuid__":"c8b8NS/+dIQKgYsXAhHXF0"},"_sizeMode":0}],"_contentSize":{"__type__":"cc.Size","width":90,"height":130},"_trs":{"__type__":"TypedArray","ctor":"Float64Array","array":[-100,-100,0,0,0,0,1,1,1,1]}},{"__type__":"cc.Node","_name":"meihua4","_parent":{"__id__":21},"_components":[{"__type__":"cc.Sprite","node":{"__id__":64},"_materials":[{"__uuid__":"ecpdLyjvZBwrvm+cedCcQy"}],"_spriteFrame":{"__uuid__":"f6Y+i5+ihGx4mhIOrhOEp7"},"_sizeMode":0}],"_contentSize":{"__type__":"cc.Size","width":90,"height":130},"_trs":{"__type__":"TypedArray","ctor":"Float64Array","array":[-100,-100,0,0,0,0,1,1,1,1]}},{"__type__":"cc.Node","_name":"meihua5","_parent":{"__id__":21},"_components":[{"__type__":"cc.Sprite","node":{"__id__":65},"_materials":[{"__uuid__":"ecpdLyjvZBwrvm+cedCcQy"}],"_spriteFrame":{"__uuid__":"70oICCRmxN2JjCeBU4qnNT"},"_sizeMode":0}],"_contentSize":{"__type__":"cc.Size","width":90,"height":130},"_trs":{"__type__":"TypedArray","ctor":"Float64Array","array":[-100,-100,0,0,0,0,1,1,1,1]}},{"__type__":"cc.Node","_name":"meihua6","_parent":{"__id__":21},"_components":[{"__type__":"cc.Sprite","node":{"__id__":66},"_materials":[{"__uuid__":"ecpdLyjvZBwrvm+cedCcQy"}],"_spriteFrame":{"__uuid__":"bbuxhVQOlMCZFvicCDqCXx"},"_sizeMode":0}],"_contentSize":{"__type__":"cc.Size","width":90,"height":130},"_trs":{"__type__":"TypedArray","ctor":"Float64Array","array":[-100,-100,0,0,0,0,1,1,1,1]}},{"__type__":"cc.Node","_name":"meihua7","_parent":{"__id__":21},"_components":[{"__type__":"cc.Sprite","node":{"__id__":67},"_materials":[{"__uuid__":"ecpdLyjvZBwrvm+cedCcQy"}],"_spriteFrame":{"__uuid__":"95kuJq3nNELamMH9HTim1e"},"_sizeMode":0}],"_contentSize":{"__type__":"cc.Size","width":90,"height":130},"_trs":{"__type__":"TypedArray","ctor":"Float64Array","array":[-100,-100,0,0,0,0,1,1,1,1]}},{"__type__":"cc.Node","_name":"meihua8","_parent":{"__id__":21},"_components":[{"__type__":"cc.Sprite","node":{"__id__":68},"_materials":[{"__uuid__":"ecpdLyjvZBwrvm+cedCcQy"}],"_spriteFrame":{"__uuid__":"30JSLRRjVGW64pQdEnhIHZ"},"_sizeMode":0}],"_contentSize":{"__type__":"cc.Size","width":90,"height":130},"_trs":{"__type__":"TypedArray","ctor":"Float64Array","array":[-100,-100,0,0,0,0,1,1,1,1]}},{"__type__":"cc.Node","_name":"meihua9","_parent":{"__id__":21},"_components":[{"__type__":"cc.Sprite","node":{"__id__":69},"_materials":[{"__uuid__":"ecpdLyjvZBwrvm+cedCcQy"}],"_spriteFrame":{"__uuid__":"9b4Rc91hxI86EZcd3jXU01"},"_sizeMode":0}],"_contentSize":{"__type__":"cc.Size","width":90,"height":130},"_trs":{"__type__":"TypedArray","ctor":"Float64Array","array":[-100,-100,0,0,0,0,1,1,1,1]}},{"__type__":"cc.Node","_name":"meihua10","_parent":{"__id__":21},"_components":[{"__type__":"cc.Sprite","node":{"__id__":70},"_materials":[{"__uuid__":"ecpdLyjvZBwrvm+cedCcQy"}],"_spriteFrame":{"__uuid__":"cbnMX8wa5JjItLGbj2Mj0q"},"_sizeMode":0}],"_contentSize":{"__type__":"cc.Size","width":90,"height":130},"_trs":{"__type__":"TypedArray","ctor":"Float64Array","array":[-100,-100,0,0,0,0,1,1,1,1]}},{"__type__":"cc.Node","_name":"meihuaJ","_parent":{"__id__":21},"_components":[{"__type__":"cc.Sprite","node":{"__id__":71},"_materials":[{"__uuid__":"ecpdLyjvZBwrvm+cedCcQy"}],"_spriteFrame":{"__uuid__":"b6sup+4rFG8a0bjfQRQOFA"},"_sizeMode":0}],"_contentSize":{"__type__":"cc.Size","width":90,"height":130},"_trs":{"__type__":"TypedArray","ctor":"Float64Array","array":[-100,-100,0,0,0,0,1,1,1,1]}},{"__type__":"cc.Node","_name":"meihuaQ","_parent":{"__id__":21},"_components":[{"__type__":"cc.Sprite","node":{"__id__":72},"_materials":[{"__uuid__":"ecpdLyjvZBwrvm+cedCcQy"}],"_spriteFrame":{"__uuid__":"70C6TKZQ1H0Zv5UdCwAI7x"},"_sizeMode":0}],"_contentSize":{"__type__":"cc.Size","width":90,"height":130},"_trs":{"__type__":"TypedArray","ctor":"Float64Array","array":[-100,-100,0,0,0,0,1,1,1,1]}},{"__type__":"cc.Node","_name":"meihuaK","_parent":{"__id__":21},"_components":[{"__type__":"cc.Sprite","node":{"__id__":73},"_materials":[{"__uuid__":"ecpdLyjvZBwrvm+cedCcQy"}],"_spriteFrame":{"__uuid__":"1ecCifvJNIKLsvRXRak8xw"},"_sizeMode":0}],"_contentSize":{"__type__":"cc.Size","width":90,"height":130},"_trs":{"__type__":"TypedArray","ctor":"Float64Array","array":[-100,-100,0,0,0,0,1,1,1,1]}},{"__type__":"cc.Node","_name":"pokerBack Sprite","_parent":{"__id__":4},"_components":[{"__type__":"cc.Sprite","node":{"__id__":74},"_materials":[{"__uuid__":"ecpdLyjvZBwrvm+cedCcQy"}],"_spriteFrame":{"__uuid__":"1aiX7Fnp9KebN/9KzL4GyQ"},"_sizeMode":0}],"_contentSize":{"__type__":"cc.Size","width":90,"height":130},"_trs":{"__type__":"TypedArray","ctor":"Float64Array","array":[-100,-100,0,0,0,0,1,1,1,1]}},{"__type__":"cc.Node","_name":"p1_chuFK","_parent":{"__id__":4},"_children":[{"__id__":76}],"_components":[{"__id__":78}],"_contentSize":{"__type__":"cc.Size","width":50,"height":50},"_trs":{"__type__":"TypedArray","ctor":"Float64Array","array":[430,-110,0,0,0,0,1,1,1,1]}},{"__type__":"cc.Node","_name":"Background","_parent":{"__id__":75},"_children":[{"__id__":77}],"_components":[{"__type__":"cc.Sprite","node":{"__id__":76},"_materials":[{"__uuid__":"ecpdLyjvZBwrvm+cedCcQy"}],"_spriteFrame":{"__uuid__":"0byDVv0DxEvKLMILbHS59N"},"_type":1,"_sizeMode":0},{"__type__":"cc.Widget","node":{"__id__":76},"alignMode":0,"_alignFlags":45,"_originalWidth":100,"_originalHeight":40}],"_color":{"__type__":"cc.Color","r":230,"g":230,"b":230},"_contentSize":{"__type__":"cc.Size","width":50,"height":50},"_trs":{"__type__":"TypedArray","ctor":"Float64Array","array":[0,0,0,0,0,0,1,1,1,1]}},{"__type__":"cc.Node","_name":"Label","_parent":{"__id__":76},"_components":[{"__type__":"cc.Label","node":{"__id__":77},"_materials":[{"__uuid__":"ecpdLyjvZBwrvm+cedCcQy"}],"_useOriginalSize":false,"_fontSize":20,"_enableWrapText":false,"_N$horizontalAlign":1,"_N$verticalAlign":1,"_N$overflow":1}],"_color":{"__type__":"cc.Color"},"_contentSize":{"__type__":"cc.Size","width":50,"height":50},"_trs":{"__type__":"TypedArray","ctor":"Float64Array","array":[0,0,0,0,0,0,1,1,1,1]}},{"__type__":"cc.Button","node":{"__id__":75},"_normalMaterial":{"__uuid__":"ecpdLyjvZBwrvm+cedCcQy"},"_N$transition":1,"transition":1,"_N$normalColor":{"__type__":"cc.Color","r":230,"g":230,"b":230},"_N$pressedColor":{"__type__":"cc.Color","r":200,"g":200,"b":200},"pressedColor":{"__type__":"cc.Color","r":200,"g":200,"b":200},"_N$disabledColor":{"__type__":"cc.Color","r":40,"g":40,"b":40,"a":200},"_N$normalSprite":{"__uuid__":"0byDVv0DxEvKLMILbHS59N"},"_N$target":{"__id__":76}},{"__type__":"cc.Node","_name":"p1_chuHT","_parent":{"__id__":4},"_children":[{"__id__":80}],"_components":[{"__id__":82}],"_contentSize":{"__type__":"cc.Size","width":50,"height":50},"_trs":{"__type__":"TypedArray","ctor":"Float64Array","array":[430,-170,0,0,0,0,1,1,1,1]}},{"__type__":"cc.Node","_name":"Background","_parent":{"__id__":79},"_children":[{"__id__":81}],"_components":[{"__type__":"cc.Sprite","node":{"__id__":80},"_materials":[{"__uuid__":"ecpdLyjvZBwrvm+cedCcQy"}],"_spriteFrame":{"__uuid__":"ce1YKqhxxA87BTVbJ/F+LG"},"_type":1,"_sizeMode":0},{"__type__":"cc.Widget","node":{"__id__":80},"alignMode":0,"_alignFlags":45,"_originalWidth":100,"_originalHeight":40}],"_color":{"__type__":"cc.Color","r":230,"g":230,"b":230},"_contentSize":{"__type__":"cc.Size","width":50,"height":50},"_trs":{"__type__":"TypedArray","ctor":"Float64Array","array":[0,0,0,0,0,0,1,1,1,1]}},{"__type__":"cc.Node","_name":"Label","_parent":{"__id__":80},"_components":[{"__type__":"cc.Label","node":{"__id__":81},"_materials":[{"__uuid__":"ecpdLyjvZBwrvm+cedCcQy"}],"_useOriginalSize":false,"_fontSize":20,"_enableWrapText":false,"_N$horizontalAlign":1,"_N$verticalAlign":1,"_N$overflow":1}],"_color":{"__type__":"cc.Color"},"_contentSize":{"__type__":"cc.Size","width":50,"height":50},"_trs":{"__type__":"TypedArray","ctor":"Float64Array","array":[0,0,0,0,0,0,1,1,1,1]}},{"__type__":"cc.Button","node":{"__id__":79},"_normalMaterial":{"__uuid__":"ecpdLyjvZBwrvm+cedCcQy"},"_N$transition":1,"transition":1,"_N$normalColor":{"__type__":"cc.Color","r":230,"g":230,"b":230},"_N$pressedColor":{"__type__":"cc.Color","r":200,"g":200,"b":200},"pressedColor":{"__type__":"cc.Color","r":200,"g":200,"b":200},"_N$disabledColor":{"__type__":"cc.Color","r":40,"g":40,"b":40,"a":200},"_N$normalSprite":{"__uuid__":"ce1YKqhxxA87BTVbJ/F+LG"},"_N$target":{"__id__":80}},{"__type__":"cc.Node","_name":"p1_chuMH","_parent":{"__id__":4},"_children":[{"__id__":84}],"_components":[{"__id__":86}],"_contentSize":{"__type__":"cc.Size","width":50,"height":50},"_trs":{"__type__":"TypedArray","ctor":"Float64Array","array":[430,-230,0,0,0,0,1,1,1,1]}},{"__type__":"cc.Node","_name":"Background","_parent":{"__id__":83},"_children":[{"__id__":85}],"_components":[{"__type__":"cc.Sprite","node":{"__id__":84},"_materials":[{"__uuid__":"ecpdLyjvZBwrvm+cedCcQy"}],"_spriteFrame":{"__uuid__":"720GnnhIBGiKp5zCMZpeOM"},"_type":1,"_sizeMode":0},{"__type__":"cc.Widget","node":{"__id__":84},"alignMode":0,"_alignFlags":45,"_originalWidth":100,"_originalHeight":40}],"_color":{"__type__":"cc.Color","r":230,"g":230,"b":230},"_contentSize":{"__type__":"cc.Size","width":50,"height":50},"_trs":{"__type__":"TypedArray","ctor":"Float64Array","array":[0,0,0,0,0,0,1,1,1,1]}},{"__type__":"cc.Node","_name":"Label","_parent":{"__id__":84},"_components":[{"__type__":"cc.Label","node":{"__id__":85},"_materials":[{"__uuid__":"ecpdLyjvZBwrvm+cedCcQy"}],"_useOriginalSize":false,"_fontSize":20,"_enableWrapText":false,"_N$horizontalAlign":1,"_N$verticalAlign":1,"_N$overflow":1}],"_color":{"__type__":"cc.Color"},"_contentSize":{"__type__":"cc.Size","width":50,"height":50},"_trs":{"__type__":"TypedArray","ctor":"Float64Array","array":[0,0,0,0,0,0,1,1,1,1]}},{"__type__":"cc.Button","node":{"__id__":83},"_normalMaterial":{"__uuid__":"ecpdLyjvZBwrvm+cedCcQy"},"_N$transition":1,"transition":1,"_N$normalColor":{"__type__":"cc.Color","r":230,"g":230,"b":230},"_N$pressedColor":{"__type__":"cc.Color","r":200,"g":200,"b":200},"pressedColor":{"__type__":"cc.Color","r":200,"g":200,"b":200},"_N$disabledColor":{"__type__":"cc.Color","r":40,"g":40,"b":40,"a":200},"_N$normalSprite":{"__uuid__":"720GnnhIBGiKp5zCMZpeOM"},"_N$target":{"__id__":84}},{"__type__":"cc.Node","_name":"p1_chuHeiT","_parent":{"__id__":4},"_children":[{"__id__":88}],"_components":[{"__id__":90}],"_contentSize":{"__type__":"cc.Size","width":50,"height":50},"_trs":{"__type__":"TypedArray","ctor":"Float64Array","array":[430,-290,0,0,0,0,1,1,1,1]}},{"__type__":"cc.Node","_name":"Background","_parent":{"__id__":87},"_children":[{"__id__":89}],"_components":[{"__type__":"cc.Sprite","node":{"__id__":88},"_materials":[{"__uuid__":"ecpdLyjvZBwrvm+cedCcQy"}],"_spriteFrame":{"__uuid__":"16SxR7hL5J0rD0MGCn0T6w"},"_type":1,"_sizeMode":0},{"__type__":"cc.Widget","node":{"__id__":88},"alignMode":0,"_alignFlags":45,"_originalWidth":100,"_originalHeight":40}],"_color":{"__type__":"cc.Color","r":230,"g":230,"b":230},"_contentSize":{"__type__":"cc.Size","width":50,"height":50},"_trs":{"__type__":"TypedArray","ctor":"Float64Array","array":[0,0,0,0,0,0,1,1,1,1]}},{"__type__":"cc.Node","_name":"Label","_parent":{"__id__":88},"_components":[{"__type__":"cc.Label","node":{"__id__":89},"_materials":[{"__uuid__":"ecpdLyjvZBwrvm+cedCcQy"}],"_useOriginalSize":false,"_fontSize":20,"_enableWrapText":false,"_N$horizontalAlign":1,"_N$verticalAlign":1,"_N$overflow":1}],"_color":{"__type__":"cc.Color"},"_contentSize":{"__type__":"cc.Size","width":50,"height":50},"_trs":{"__type__":"TypedArray","ctor":"Float64Array","array":[0,0,0,0,0,0,1,1,1,1]}},{"__type__":"cc.Button","node":{"__id__":87},"_normalMaterial":{"__uuid__":"ecpdLyjvZBwrvm+cedCcQy"},"_N$transition":1,"transition":1,"_N$normalColor":{"__type__":"cc.Color","r":230,"g":230,"b":230},"_N$pressedColor":{"__type__":"cc.Color","r":70,"g":85,"b":150},"pressedColor":{"__type__":"cc.Color","r":70,"g":85,"b":150},"_N$disabledColor":{"__type__":"cc.Color","r":40,"g":40,"b":40,"a":200},"_N$normalSprite":{"__uuid__":"16SxR7hL5J0rD0MGCn0T6w"},"_N$target":{"__id__":88}},{"__type__":"cc.Node","_name":"p2_chuFK","_parent":{"__id__":4},"_children":[{"__id__":92}],"_components":[{"__id__":94}],"_contentSize":{"__type__":"cc.Size","width":50,"height":50},"_trs":{"__type__":"TypedArray","ctor":"Float64Array","array":[-400,270,0,0,0,0,1,1,1,1]}},{"__type__":"cc.Node","_name":"Background","_parent":{"__id__":91},"_children":[{"__id__":93}],"_components":[{"__type__":"cc.Sprite","node":{"__id__":92},"_materials":[{"__uuid__":"ecpdLyjvZBwrvm+cedCcQy"}],"_spriteFrame":{"__uuid__":"2amu1F//VL652vtiKkCcBS"},"_type":1,"_sizeMode":0},{"__type__":"cc.Widget","node":{"__id__":92},"alignMode":0,"_alignFlags":45,"_originalWidth":100,"_originalHeight":40}],"_color":{"__type__":"cc.Color","r":230,"g":230,"b":230},"_contentSize":{"__type__":"cc.Size","width":50,"height":50},"_trs":{"__type__":"TypedArray","ctor":"Float64Array","array":[0,0,0,0,0,0,1,1,1,0]}},{"__type__":"cc.Node","_name":"Label","_parent":{"__id__":92},"_components":[{"__type__":"cc.Label","node":{"__id__":93},"_materials":[{"__uuid__":"ecpdLyjvZBwrvm+cedCcQy"}],"_useOriginalSize":false,"_fontSize":20,"_enableWrapText":false,"_N$horizontalAlign":1,"_N$verticalAlign":1,"_N$overflow":1}],"_color":{"__type__":"cc.Color"},"_contentSize":{"__type__":"cc.Size","width":50,"height":50},"_trs":{"__type__":"TypedArray","ctor":"Float64Array","array":[0,0,0,0,0,0,1,1,1,1]}},{"__type__":"cc.Button","node":{"__id__":91},"_normalMaterial":{"__uuid__":"ecpdLyjvZBwrvm+cedCcQy"},"_N$transition":1,"transition":1,"_N$normalColor":{"__type__":"cc.Color","r":230,"g":230,"b":230},"_N$pressedColor":{"__type__":"cc.Color","r":200,"g":200,"b":200},"pressedColor":{"__type__":"cc.Color","r":200,"g":200,"b":200},"_N$disabledColor":{"__type__":"cc.Color","r":40,"g":40,"b":40,"a":200},"_N$normalSprite":{"__uuid__":"2amu1F//VL652vtiKkCcBS"},"_N$target":{"__id__":92}},{"__type__":"cc.Node","_name":"p2_chuHT","_parent":{"__id__":4},"_children":[{"__id__":96}],"_components":[{"__id__":98}],"_contentSize":{"__type__":"cc.Size","width":50,"height":50},"_trs":{"__type__":"TypedArray","ctor":"Float64Array","array":[-400,210,0,0,0,0,1,1,1,1]}},{"__type__":"cc.Node","_name":"Background","_parent":{"__id__":95},"_children":[{"__id__":97}],"_components":[{"__type__":"cc.Sprite","node":{"__id__":96},"_materials":[{"__uuid__":"ecpdLyjvZBwrvm+cedCcQy"}],"_spriteFrame":{"__uuid__":"a2tKbzZahJ/IplG0VuhIWk"},"_type":1,"_sizeMode":0},{"__type__":"cc.Widget","node":{"__id__":96},"alignMode":0,"_alignFlags":45,"_originalWidth":100,"_originalHeight":40}],"_color":{"__type__":"cc.Color","r":230,"g":230,"b":230},"_contentSize":{"__type__":"cc.Size","width":50,"height":50},"_trs":{"__type__":"TypedArray","ctor":"Float64Array","array":[0,0,0,0,0,0,1,1,1,1]}},{"__type__":"cc.Node","_name":"Label","_parent":{"__id__":96},"_components":[{"__type__":"cc.Label","node":{"__id__":97},"_materials":[{"__uuid__":"ecpdLyjvZBwrvm+cedCcQy"}],"_useOriginalSize":false,"_fontSize":20,"_enableWrapText":false,"_N$horizontalAlign":1,"_N$verticalAlign":1,"_N$overflow":1}],"_color":{"__type__":"cc.Color"},"_contentSize":{"__type__":"cc.Size","width":50,"height":50},"_trs":{"__type__":"TypedArray","ctor":"Float64Array","array":[0,0,0,0,0,0,1,1,1,1]}},{"__type__":"cc.Button","node":{"__id__":95},"_normalMaterial":{"__uuid__":"ecpdLyjvZBwrvm+cedCcQy"},"_N$transition":1,"transition":1,"_N$normalColor":{"__type__":"cc.Color","r":230,"g":230,"b":230},"_N$pressedColor":{"__type__":"cc.Color","r":200,"g":200,"b":200},"pressedColor":{"__type__":"cc.Color","r":200,"g":200,"b":200},"_N$disabledColor":{"__type__":"cc.Color","r":40,"g":40,"b":40,"a":200},"_N$normalSprite":{"__uuid__":"a2tKbzZahJ/IplG0VuhIWk"},"_N$target":{"__id__":96}},{"__type__":"cc.Node","_name":"p2_chuMH","_parent":{"__id__":4},"_children":[{"__id__":100}],"_components":[{"__id__":102}],"_contentSize":{"__type__":"cc.Size","width":50,"height":50},"_trs":{"__type__":"TypedArray","ctor":"Float64Array","array":[-400,150,0,0,0,0,1,1,1,1]}},{"__type__":"cc.Node","_name":"Background","_parent":{"__id__":99},"_children":[{"__id__":101}],"_components":[{"__type__":"cc.Sprite","node":{"__id__":100},"_materials":[{"__uuid__":"ecpdLyjvZBwrvm+cedCcQy"}],"_spriteFrame":{"__uuid__":"fe9ZyGLRZCTLBRxFAm1phR"},"_type":1,"_sizeMode":0},{"__type__":"cc.Widget","node":{"__id__":100},"alignMode":0,"_alignFlags":45,"_originalWidth":100,"_originalHeight":40}],"_color":{"__type__":"cc.Color","r":230,"g":230,"b":230},"_contentSize":{"__type__":"cc.Size","width":50,"height":50},"_trs":{"__type__":"TypedArray","ctor":"Float64Array","array":[0,0,0,0,0,0,1,1,1,0]}},{"__type__":"cc.Node","_name":"Label","_parent":{"__id__":100},"_components":[{"__type__":"cc.Label","node":{"__id__":101},"_materials":[{"__uuid__":"ecpdLyjvZBwrvm+cedCcQy"}],"_useOriginalSize":false,"_fontSize":20,"_enableWrapText":false,"_N$horizontalAlign":1,"_N$verticalAlign":1,"_N$overflow":1}],"_color":{"__type__":"cc.Color"},"_contentSize":{"__type__":"cc.Size","width":50,"height":50},"_trs":{"__type__":"TypedArray","ctor":"Float64Array","array":[0,0,0,0,0,0,1,1,1,1]}},{"__type__":"cc.Button","node":{"__id__":99},"_normalMaterial":{"__uuid__":"ecpdLyjvZBwrvm+cedCcQy"},"_N$transition":1,"transition":1,"_N$normalColor":{"__type__":"cc.Color","r":230,"g":230,"b":230},"_N$pressedColor":{"__type__":"cc.Color","r":200,"g":200,"b":200},"pressedColor":{"__type__":"cc.Color","r":200,"g":200,"b":200},"_N$disabledColor":{"__type__":"cc.Color","r":40,"g":40,"b":40,"a":200},"_N$normalSprite":{"__uuid__":"fe9ZyGLRZCTLBRxFAm1phR"},"_N$target":{"__id__":100}},{"__type__":"cc.Node","_name":"p2_chuHeiT","_parent":{"__id__":4},"_children":[{"__id__":104}],"_components":[{"__id__":106}],"_contentSize":{"__type__":"cc.Size","width":50,"height":50},"_trs":{"__type__":"TypedArray","ctor":"Float64Array","array":[-400,90,0,0,0,0,1,1,1,1]}},{"__type__":"cc.Node","_name":"Background","_parent":{"__id__":103},"_children":[{"__id__":105}],"_components":[{"__type__":"cc.Sprite","node":{"__id__":104},"_materials":[{"__uuid__":"ecpdLyjvZBwrvm+cedCcQy"}],"_spriteFrame":{"__uuid__":"11t5UUr9xNkonxh5l1enuw"},"_type":1,"_sizeMode":0},{"__type__":"cc.Widget","node":{"__id__":104},"alignMode":0,"_alignFlags":45,"_originalWidth":100,"_originalHeight":40}],"_color":{"__type__":"cc.Color","r":230,"g":230,"b":230},"_contentSize":{"__type__":"cc.Size","width":50,"height":50},"_trs":{"__type__":"TypedArray","ctor":"Float64Array","array":[0,0,0,0,0,0,1,1,1,0]}},{"__type__":"cc.Node","_name":"Label","_parent":{"__id__":104},"_components":[{"__type__":"cc.Label","node":{"__id__":105},"_materials":[{"__uuid__":"ecpdLyjvZBwrvm+cedCcQy"}],"_useOriginalSize":false,"_fontSize":20,"_enableWrapText":false,"_N$horizontalAlign":1,"_N$verticalAlign":1,"_N$overflow":1}],"_color":{"__type__":"cc.Color"},"_contentSize":{"__type__":"cc.Size","width":50,"height":50},"_trs":{"__type__":"TypedArray","ctor":"Float64Array","array":[0,0,0,0,0,0,1,1,1,1]}},{"__type__":"cc.Button","node":{"__id__":103},"_normalMaterial":{"__uuid__":"ecpdLyjvZBwrvm+cedCcQy"},"_N$transition":1,"transition":1,"_N$normalColor":{"__type__":"cc.Color","r":230,"g":230,"b":230},"_N$pressedColor":{"__type__":"cc.Color","r":200,"g":200,"b":200},"pressedColor":{"__type__":"cc.Color","r":200,"g":200,"b":200},"_N$disabledColor":{"__type__":"cc.Color","r":40,"g":40,"b":40,"a":200},"_N$normalSprite":{"__uuid__":"11t5UUr9xNkonxh5l1enuw"},"_N$target":{"__id__":104}}],{"__type__":"cc.SpriteFrame","content":{"name":"hongtao9","texture":"d7saHDZk1AFLP/szZUlzDJ","rect":[0,0,105,150],"offset":[0,0],"originalSize":[105,150],"capInsets":[0,0,0,0]}},{"__type__":"cc.SpriteFrame","content":{"name":"fangkuai1","texture":"75yy9M/1lBkpOju2RMd0zh","rect":[0,0,105,150],"offset":[0,0],"originalSize":[105,150],"capInsets":[0,0,0,0]}},{"__type__":"cc.SpriteFrame","content":{"name":"fangkuai10","texture":"8bng6IFBtOboppLMj+AKAk","rect":[0,0,105,150],"offset":[0,0],"originalSize":[105,150],"capInsets":[0,0,0,0]}},{"__type__":"cc.SpriteFrame","content":{"name":"meihuaJ","texture":"89d+wLgTBItY1Qev9tpZ0x","rect":[0,0,105,150],"offset":[0,0],"originalSize":[105,150],"capInsets":[0,0,0,0]}},{"__type__":"cc.SpriteFrame","content":{"name":"meihua6","texture":"073BPxLyhNzbwke/kc0q5P","rect":[0,0,105,150],"offset":[0,0],"originalSize":[105,150],"capInsets":[0,0,0,0]}},{"__type__":"cc.SpriteFrame","content":{"name":"bg","texture":"61nA0rXiJLA76zdYGGaCZQ","rect":[0,0,1079,595],"offset":[0,0],"originalSize":[1079,595],"capInsets":[0,0,0,0]}},{"__type__":"cc.SpriteFrame","content":{"name":"fangkuaiJ","texture":"31/QXuxXxMJqfw3Im9lUzl","rect":[0,0,105,150],"offset":[0,0],"originalSize":[105,150],"capInsets":[0,0,0,0]}},{"__type__":"cc.SpriteFrame","content":{"name":"heitaoK","texture":"8063Lb7dFLOZV+8tpfHxi6","rect":[0,0,105,150],"offset":[0,0],"originalSize":[105,150],"capInsets":[0,0,0,0]}},{"__type__":"cc.SpriteFrame","content":{"name":"meihua3","texture":"2bh/i0LUFGz4Aqg4D9zEn7","rect":[0,0,105,150],"offset":[0,0],"originalSize":[105,150],"capInsets":[0,0,0,0]}},{"__type__":"cc.SpriteFrame","content":{"name":"meihua10","texture":"00ZfYEu3RLrIqBcrIXTClv","rect":[0,0,105,150],"offset":[0,0],"originalSize":[105,150],"capInsets":[0,0,0,0]}},{"__type__":"cc.SpriteFrame","content":{"name":"p1HT","texture":"ab+UIAlgBLZa/RuYae8un7","rect":[0,0,72,72],"offset":[0,0],"originalSize":[72,72],"capInsets":[0,0,0,0]}},{"__type__":"cc.SpriteFrame","content":{"name":"heitao6","texture":"92rdd/mflHuI2lD1bD7B/n","rect":[0,0,105,150],"offset":[0,0],"originalSize":[105,150],"capInsets":[0,0,0,0]}},{"__type__":"cc.SpriteFrame","content":{"name":"heitao4","texture":"74U/XN/v5LyIwuHPjh5THB","rect":[0,0,105,150],"offset":[0,0],"originalSize":[105,150],"capInsets":[0,0,0,0]}},{"__type__":"cc.SpriteFrame","content":{"name":"hongtao4","texture":"b1NrvOQSRDrJR4kmv3el0n","rect":[0,0,105,150],"offset":[0,0],"originalSize":[105,150],"capInsets":[0,0,0,0]}},{"__type__":"cc.SpriteFrame","content":{"name":"fangkuai8","texture":"93oY9QekBFBa1I/IpWSRov","rect":[0,0,105,150],"offset":[0,0],"originalSize":[105,150],"capInsets":[0,0,0,0]}},{"__type__":"cc.SpriteFrame","content":{"name":"meihua2","texture":"7c0lEfhfBIKL9+pq1y6lCk","rect":[0,0,105,150],"offset":[0,0],"originalSize":[105,150],"capInsets":[0,0,0,0]}},{"__type__":"cc.SpriteFrame","content":{"name":"heitao5","texture":"46FN/aAftMQaeacGXzAx/5","rect":[0,0,105,150],"offset":[0,0],"originalSize":[105,150],"capInsets":[0,0,0,0]}},{"__type__":"cc.SpriteFrame","content":{"name":"default_btn_pressed","texture":"b4P/PCArtIdIH38t6mlw8Y","rect":[0,0,40,40],"offset":[0,0],"originalSize":[40,40],"capInsets":[12,12,12,12]}},{"__type__":"cc.SpriteFrame","content":{"name":"heitao9","texture":"51RiBE6PVPsKuAHS1lcRaT","rect":[0,0,105,150],"offset":[0,0],"originalSize":[105,150],"capInsets":[0,0,0,0]}},{"__type__":"cc.SpriteFrame","content":{"name":"default_btn_normal","texture":"e8Ueib+qJEhL6mXAHdnwbi","rect":[0,0,40,40],"offset":[0,0],"originalSize":[40,40],"capInsets":[12,12,12,12]}},{"__type__":"cc.SpriteFrame","content":{"name":"heitaoJ","texture":"1eaCeZq9tFBqsuOVdmlfBo","rect":[0,0,105,150],"offset":[0,0],"originalSize":[105,150],"capInsets":[0,0,0,0]}},{"__type__":"cc.SpriteFrame","content":{"name":"meihua4","texture":"c71lgAx+FNLaFR4yRkzNsX","rect":[0,0,105,150],"offset":[0,0],"originalSize":[105,150],"capInsets":[0,0,0,0]}},{"__type__":"cc.SpriteFrame","content":{"name":"p2MH","texture":"281BY/XLRJnY8tYK423b2a","rect":[0,0,78,71],"offset":[0,0],"originalSize":[78,71],"capInsets":[0,0,0,0]}}]